skills_text,domain_label,difficulty_level
"communication, AWS, observability, scrum, SLO/SLA, Prometheus, incident management, Jaeger, Kubernetes, Terraform",Site Reliability Engineer,Hard
"cloud architecture, S3, networking, CDN, Docker, IAM, SLA design",Cloud Engineer,Medium
"neural networks, scikit-learn, pandas, huggingface, agile, OpenCV",AI/ML Engineer,Easy
"Git, Postman, JMeter, JUnit, test automation, Pact, performance testing, BDD, test planning, Cucumber, Selenium, Jira, Python",QA Automation Engineer,Hard
"service level objectives, AWS, Linux, Prometheus, Docker, agile, chaos engineering, Grafana, reliability targets, Kubernetes, SLO/SLA, Terraform, Python",Site Reliability Engineer,Hard
"Git, documentation, Node.js, REST API, JavaScript, CSS, GraphQL",Full Stack Developer,Easy
"documentation, mobile UI, Git, scrum, JavaScript, REST API, Flutter, Swift",Mobile App Developer,Easy
"NFT, Solidity, Web3.js, consensus algorithms, smart contracts, tokenomics, DAO governance, Ethereum, IPFS, Cosmos SDK, DeFi, presentation",Blockchain Developer,Hard
"A/B testing, R, SQL, data wrangling, hypothesis testing, numpy, Jupyter, scikit-learn, feature selection",Data Scientist,Medium
"vulnerability assessment, network security, threat intelligence, Linux, SOC, incident response, threat detection, SIEM, firewalls",Cybersecurity Analyst,Medium
"leadership, runbooks, teamwork, on-call, Linux, SLO/SLA, incident management, observability, Docker, Git",Site Reliability Engineer,Easy
"C++, OOP, documentation, Java, unit testing, algorithms, performance profiling, system design, Go, Git, scrum, problem solving",Software Engineer,Medium
"container orchestration, Istio, Helm, Linux, Docker, K8s, Kubernetes, scrum, teamwork, Ansible, monitoring, Terraform, AWS",DevOps Engineer,Hard
"CI/CD, monitoring, Python, automation, Ansible, Helm, Bash scripting, Prometheus, Linux, Git, Terraform, continuous integration, continuous deployment, teamwork, pipeline",DevOps Engineer,Medium
"problem solving, data structures, C++, OOP, Python, SQL, Git",Software Engineer,Easy
"neural networks, python, CNN, convolutional neural network, numpy, keras, computer vision, scikit-learn, image classification, distributed training, transformers, pandas",AI/ML Engineer,Medium
"scrum, keras, diffusion models, transformers, python, leadership, deep learning, scikit-learn, pandas, computer vision, machine learning, pytorch",AI/ML Engineer,Medium
"object oriented, Linux, OOP, Git, concurrency, unit testing, design patterns, object-oriented programming, Go",Software Engineer,Medium
"Power BI, Python, data visualization, Tableau, communication, Google Sheets, data cleaning, SQL, Excel, reporting, business intelligence, Tableau Server, Tableau Desktop",Data Analyst,Easy
"MEV, web3, cryptography, DeFi, Web3, IPFS, Web3.js, ZK proofs, Solidity, Hardhat, smart contract language, consensus algorithms",Blockchain Developer,Medium
"Linux, Python, leadership, problem solving, code review, C++, data structures, teamwork",Software Engineer,Easy
"Git, Grafana, scrum, Jenkins, Helm, Linux, teamwork, Terraform, automation, Docker, AWS, chaos engineering",DevOps Engineer,Hard
"serverless, load balancing, VPC, CDN, Lambda, Linux, teamwork, Azure, networking",Cloud Engineer,Medium
"Docker, GCP, cloud architecture, scrum, IAM, Azure, Terraform, Google Cloud, Google Cloud Platform, VPC, multi-cloud, SLA design, Jira",Cloud Engineer,Medium
"transformers, TF, python, OpenCV, TensorFlow, tensorflow, scikit-learn, LSTM, machine learning",AI/ML Engineer,Easy
"Terraform, Bash scripting, Kubernetes, monitoring, automation, Git, Grafana, Linux",DevOps Engineer,Medium
"data modeling, Python, data visualization, Excel, Tableau Desktop, Tableau Server, SQL, ETL, Power BI, business intelligence, window functions, Microsoft Power BI, PowerBI, reporting, Tableau",Data Analyst,Medium
"user flows, information architecture, Figma design, Confluence, Adobe XD, user research, UI design tool, documentation, Figma",UI/UX Designer,Easy
"wireframes, service design, low-fidelity design, Sketch, HTML, presentation, interaction design, Figma design, wireframing, Adobe XD, UI design tool, Figma, eye tracking, information architecture, user flows",UI/UX Designer,Medium
"agile, interaction design, wireframing, HTML, information architecture, CSS, prototyping, user research, accessibility, design systems",UI/UX Designer,Easy
"Python, Postman, leadership, behavior-driven development, test automation, SQL, Confluence, BDD",QA Automation Engineer,Easy
"Rust, Ethereum, DeFi, Go, Confluence, cryptography, Solidity, Web3.js, NFT, JavaScript",Blockchain Developer,Medium
"reporting, data visualization, Excel, SQL, Snowflake, PowerBI, Microsoft Power BI, Google Sheets, Power BI, Tableau",Data Analyst,Medium
"PostgreSQL, Docker, message queues, REST API, server-side development, SQL, Git, Django, MongoDB, FastAPI",Backend Developer,Medium
"FastAPI, Django, PostgreSQL, server-side development, Redis, Python API, REST API, MongoDB, fast api",Backend Developer,Easy
"classification, pandas, regression, clustering, numpy, seaborn, Bayesian statistics, matplotlib",Data Scientist,Medium
"Azure, AWS, teamwork, CDN, Terraform, networking, agile, Linux",Cloud Engineer,Medium
"CDN, S3, Docker, presentation, cloud architecture, time management, Google Cloud Platform, AWS, Linux, EC2, GCP, Google Cloud",Cloud Engineer,Medium
"presentation, load balancing, AWS, IAM, Docker, Lambda, Azure, teamwork, Kubernetes",Cloud Engineer,Medium
"Postman, SQL, Pytest, test automation, Python, Selenium, Cucumber, API testing, performance testing",QA Automation Engineer,Medium
"matplotlib, feature selection, statistics, numpy, regression, presentation",Data Scientist,Easy
"chaos engineering, documentation, Bash scripting, Docker, Grafana, ArgoCD, monitoring, Git, automation, Confluence, Prometheus",DevOps Engineer,Medium
"SIEM, ethical hacking, firewalls, threat detection, pen testing, penetration testing, compliance, Linux, network security, presentation",Cybersecurity Analyst,Easy
"presentation, debugging, DSP, safety-critical systems, ARM, firmware, RTOS, FreeRTOS, microcontrollers",Embedded Systems Engineer,Medium
"IPFS, web3, JavaScript, NFT, Ethereum, Rust, Web3, Truffle, Web3.js",Blockchain Developer,Medium
"machine learning, huggingface, torch, python, deep learning, numpy, scikit-learn, RNN, PyTorch, pytorch, model quantization, triton, computer vision",AI/ML Engineer,Medium
"pen testing, communication, Wireshark, SIEM, penetration testing, network security, threat detection, Python, firewalls, ethical hacking",Cybersecurity Analyst,Easy
"JUnit, SQL, test planning, Postman, Pytest, Python, Selenium",QA Automation Engineer,Easy
"server-side development, SQL, Redis, gRPC, Python, authentication, MongoDB",Backend Developer,Medium
"Confluence, cloud architecture, EC2, IAM, S3, Kubernetes",Cloud Engineer,Medium
"BDD, API testing, Selenium, Cypress, contract testing, Python, Git, test planning, behavior-driven development, test automation",QA Automation Engineer,Medium
"Selenium, BDD, test planning, JUnit, test automation, Playwright, Git",QA Automation Engineer,Medium
"AWS, on-call, observability, documentation, Python, Linux, scrum, Kubernetes",Site Reliability Engineer,Medium
"Redux, REST API, NodeJS, HTML, Git, CSS, Node.js, Node, Docker, JavaScript, PostgreSQL",Full Stack Developer,Easy
"React Native, push notifications, mobile UI, Redux, agile, Git, iOS, REST API, Android",Mobile App Developer,Medium
"python, model evaluation, LSTM, neural networks, scikit-learn, OpenCV, RNN, documentation",AI/ML Engineer,Easy
"Docker, on-call, Prometheus, Linux, Python, observability, incident management, runbooks, ELK stack",Site Reliability Engineer,Easy
"compiler design, Python, Git, problem solving, agile, design patterns, data structures, unit testing, SQL, algorithms",Software Engineer,Medium
"compliance, Linux, network security, penetration testing, cryptography, SOC, Wireshark, time management",Cybersecurity Analyst,Easy
"mobile UI, ARKit, communication, Swift, React Native, Confluence, app store deployment, Dart, Android, offline-first, JavaScript, REST API",Mobile App Developer,Hard
"AWS, Azure, CDN, cloud architecture, EC2, Terraform, S3",Cloud Engineer,Medium
"computer vision, machine learning, torch, CNN, ONNX, python, PyTorch, LSTM, NLP, text mining, image classification, convolutional neural network, numpy, pytorch, scikit-learn, triton, natural language processing, deep learning",AI/ML Engineer,Medium
"DAO governance, Go, smart contract language, IPFS, consensus algorithms, cryptography, Solidity, DeFi, Rust, Ethereum",Blockchain Developer,Hard
"Selenium WebDriver, Pytest, contract testing, CI/CD, SQL, Selenium, Cucumber, Git, test planning, Pact, API testing, test automation, time management, Python",QA Automation Engineer,Hard
"CSS, usability testing, Framer, component libraries, Figma, wireframing, information architecture, communication",UI/UX Designer,Medium
"C++, unit testing, system design, compiler design, data structures, Git, SQL, OOP, Python, debugging, problem solving",Software Engineer,Medium
"Python API, FastAPI, message queues, presentation, Python, Node.js, Flask, fast api, authentication, SQL, Git, JWT",Backend Developer,Medium
"Git, REST API, Redux, React.js, ReactJS, React, performance optimization, Node.js, TypeScript, HTML, JavaScript, Docker",Full Stack Developer,Medium
"ETL, communication, Snowflake, reporting, KPI tracking, pivot tables, Google Sheets, Excel, SQL, business intelligence, Metabase, Tableau",Data Analyst,Medium
"Python, test automation, visual regression, BDD, API testing, behavior-driven development, SQL",QA Automation Engineer,Medium
"Grafana, automation, Jenkins, Linux, Prometheus, FinOps",DevOps Engineer,Medium
"Web3, Ethereum, documentation, IPFS, Web3.js, JavaScript, Solidity, NFT, cryptography, Truffle, smart contract language, web3",Blockchain Developer,Easy
"RN, TypeScript, cross-platform mobile, Git, Swift, REST API, React Native, Flutter",Mobile App Developer,Easy
"Kubernetes, Next.js, Node, HTML, Redux, TypeScript, JWT, Node.js, teamwork, WebSockets, Git, NodeJS, CSS",Full Stack Developer,Hard
"C++, problem solving, OOP, Java, Python, data structures",Software Engineer,Easy
"REST API, MongoDB, CSS, scrum, Git, React, JavaScript, AWS, microservices, Express, Node.js",Full Stack Developer,Medium
"Python, OOP, scrum, object oriented, SQL, Rust, C++, object-oriented programming, Git",Software Engineer,Medium
"error budgets, on-call, AWS, Jira, Go, Terraform, incident management, ELK stack, Python, runbooks, OpenTelemetry",Site Reliability Engineer,Hard
"data visualization, dbt, Tableau, Tableau Server, KPI tracking, reporting, Google Sheets, Excel, pivot tables, SQL, data cleaning, Tableau Desktop, Power BI",Data Analyst,Medium
"Kotlin, push notifications, Dart, offline-first, Redux, JavaScript, mobile UI, Flutter, Google Flutter, TypeScript, Swift, Flutter/Dart, React Native",Mobile App Developer,Medium
"Firebase, React Native, Redux, JavaScript, REST API, mobile UI, iOS",Mobile App Developer,Easy
"Prometheus, Terraform, service level objectives, Linux, Grafana, reliability targets, Go, Python, observability, SLO/SLA",Site Reliability Engineer,Medium
"OOP, system design, data structures, agile, Python, Git, design patterns",Software Engineer,Easy
"machine learning, numpy, ONNX, huggingface, agile, OpenCV, pandas, NLP, computer vision, python, LSTM",AI/ML Engineer,Medium
"Bash scripting, Linux, time management, monitoring, Prometheus, Terraform, Jenkins, Git, agile, Docker, automation",DevOps Engineer,Easy
"data visualization, business intelligence, Google Sheets, Tableau, Tableau Desktop, Tableau Server, leadership, documentation, SQL",Data Analyst,Easy
"time management, teamwork, Redux, TypeScript, Android, Bluetooth, performance optimization, Git, push notifications, React Native, Flutter, JavaScript",Mobile App Developer,Hard
"Python, Node.js, time management, SQL, authentication, Django, MongoDB, REST API, Docker, server-side development, Go",Backend Developer,Medium
"Docker, automation, Bash scripting, Istio, Linux, AWS, CI/CD, Kubernetes, Grafana, monitoring, Prometheus, communication",DevOps Engineer,Hard
"SPI, C++, DSP, firmware, oscilloscope, microcontrollers, presentation, Python, I2C, FreeRTOS, debugging",Embedded Systems Engineer,Medium
"JWT, Node.js, Express, HTML, PostgreSQL, GraphQL, communication",Full Stack Developer,Medium
"SLA design, VPC, Docker, Pulumi, cloud architecture, Kubernetes, Azure, IAM, AWS, Lambda, serverless",Cloud Engineer,Hard
"Express, JavaScript, Next.js, NodeJS, NoSQL, MongoDB, Mongo, REST API, Git, OAuth, CSS, HTML, Node, Node.js",Full Stack Developer,Medium
"HTML, REST API, Node.js, Express, scrum, JavaScript, time management, PostgreSQL, Git",Full Stack Developer,Easy
"clustering, data wrangling, numpy, python, A/B testing, regression, Spark, pandas, scikit-learn, communication, classification",Data Scientist,Medium
"teamwork, SQL, design patterns, memory management, algorithms, debugging, OOP, Git, scrum",Software Engineer,Medium
"ELK stack, runbooks, Linux, on-call, Kubernetes, Python, Terraform, observability, Grafana",Site Reliability Engineer,Medium
"iOS, React Native, Flutter, mobile UI, Confluence, Flutter/Dart, JavaScript, Git, Dart, presentation, push notifications, Android, Google Flutter, Swift",Mobile App Developer,Medium
"threat intelligence, cryptography, compliance, penetration testing, firewalls, SOC, OWASP, Linux, SIEM",Cybersecurity Analyst,Medium
"Terraform, teamwork, ELK stack, SLO/SLA, on-call, incident management, Git, Confluence, Linux, Go, runbooks",Site Reliability Engineer,Medium
"authentication, Docker, fast api, Flask, FastAPI, server-side development, database optimization, SQL, MongoDB, Python API, Django",Backend Developer,Medium
"Prometheus, Jenkins, Linux, GitOps, Bash scripting, service mesh, CI/CD",DevOps Engineer,Hard
"scikit-learn, huggingface, neural networks, deep learning, OpenCV, model evaluation, numpy, machine learning, computer vision, python",AI/ML Engineer,Easy
"visual regression, Selenium, Pytest, Git, test planning, Python, test automation, Postman, Cypress",QA Automation Engineer,Medium
"tensorflow, TensorFlow, RNN, RLHF, scikit-learn, transformers, TF, machine learning, keras, deep learning, distributed training",AI/ML Engineer,Medium
"huggingface, triton, numpy, leadership, python, pandas, MLOps, scikit-learn, transformers, RLHF, scrum, OpenCV, computer vision, NLP",AI/ML Engineer,Hard
"Rust, Java, problem solving, code review, Go, unit testing, distributed systems, Jira, debugging, Python, OOP, C++, teamwork",Software Engineer,Hard
"leadership, Terraform, Python, SLO/SLA, Grafana, incident management, Git, communication",Site Reliability Engineer,Easy
"ZK proofs, Solidity, Web3.js, smart contracts, DeFi, cryptography, Hardhat",Blockchain Developer,Medium
"Lambda, GCP, teamwork, networking, Google Cloud, CDN, VPC, IAM, Google Cloud Platform, Docker, load balancing, cloud architecture, Jira",Cloud Engineer,Easy
"time management, scrum, Linux, SIEM, Python, OWASP, network security",Cybersecurity Analyst,Easy
"firewalls, compliance, incident response, threat detection, security information and event management, Linux, SIEM, documentation, cryptography, malware analysis",Cybersecurity Analyst,Medium
"documentation, JavaScript, mobile UI, Dart, offline-first, React Native, Redux, ARKit, Flutter, Firebase",Mobile App Developer,Medium
"Flutter, ARKit, Android, Kotlin, JavaScript, mobile UI, TypeScript, Firebase, REST API",Mobile App Developer,Medium
"Grafana, Docker, AWS, Kubernetes, CI/CD, continuous deployment, GitOps, pipeline, Bash scripting, continuous integration, Terraform, Jenkins, service mesh",DevOps Engineer,Hard
"compliance, threat detection, firewalls, OWASP, Linux, incident response, Python, cryptography, red teaming",Cybersecurity Analyst,Medium
"test planning, Cucumber, BDD, Python, Selenium, SQL",QA Automation Engineer,Easy
"I2C, UART, firmware, RTOS, SPI, time management, real-time operating system, C++, ARM, presentation, oscilloscope",Embedded Systems Engineer,Easy
"teamwork, Kotlin, Android, documentation, Flutter, Git, Swift, Dart, REST API, JavaScript",Mobile App Developer,Easy
"scrum, Git, Firebase, agile, JavaScript, iOS, TypeScript, Kotlin, REST API, push notifications, mobile UI, Android",Mobile App Developer,Medium
"pipeline, continuous deployment, Docker, Jenkins, Prometheus, CI/CD, continuous integration, AWS",DevOps Engineer,Medium
"React Native, Kotlin, performance optimization, Dart, Flutter, JavaScript, Firebase",Mobile App Developer,Medium
"Looker, SQL, KPI tracking, data cleaning, business intelligence, Excel, Google Sheets, communication, Snowflake",Data Analyst,Medium
"threat intelligence, ethical hacking, Python, Jira, Linux, firewalls, CVE research, OWASP, scrum, Nmap, pen testing, SOC, compliance, penetration testing",Cybersecurity Analyst,Medium
"GraphQL, MongoDB, SSR, React, Node.js, documentation, PostgreSQL, JWT, CI/CD, Docker, Git, HTML, CSS",Full Stack Developer,Hard
"Git, communication, Python, contract testing, test planning, CI/CD, Postman, visual regression, Pytest, SQL",QA Automation Engineer,Hard
"scikit-learn, R, numpy, A/B testing, statistics, SQL, seaborn, matplotlib, hypothesis testing, pandas, regression",Data Scientist,Medium
"automation, agile, Linux, time management, Prometheus, Python, CI/CD, monitoring",DevOps Engineer,Medium
"observability, SLO/SLA, Docker, Git, on-call, capacity planning, Linux",Site Reliability Engineer,Medium
"wireframing, prototyping, interaction design, Adobe XD, accessibility, agile, Figma design, user research, time management, design systems, Framer, information architecture, user flows, Figma, UI design tool",UI/UX Designer,Medium
"distributed tracing, OpenTelemetry, Git, ELK stack, Go, Python, Linux, observability, incident management, Jira",Site Reliability Engineer,Hard
"JavaScript, Solidity, Go, NFT, DeFi, Hardhat, smart contracts, Web3.js, smart contract language, IPFS",Blockchain Developer,Medium
"IPFS, Truffle, Solidity, Rust, web3, smart contracts, Web3.js, Web3, JavaScript, DeFi, Go",Blockchain Developer,Medium
"penetration testing, firewalls, Python, time management, Nmap, OWASP, Linux",Cybersecurity Analyst,Easy
"Linux, AWS, networking, Pulumi, Lambda, load balancing, CDN",Cloud Engineer,Medium
"Python, leadership, ETL, data visualization, reporting, Excel, Power BI, SQL, business intelligence",Data Analyst,Easy
"Go, DeFi, cryptography, Ethereum, consensus algorithms, Hardhat, Solidity, smart contract language",Blockchain Developer,Medium
"regression, numpy, clustering, python, hypothesis testing, Jupyter, matplotlib, pandas, seaborn, causal inference, agile, statistics",Data Scientist,Medium
"SLO/SLA, error budgets, on-call, Terraform, Docker, Linux, Go, toil reduction, observability, incident management, ELK, distributed tracing, Elasticsearch Logstash Kibana, ELK stack",Site Reliability Engineer,Hard
"RTOS, Linux kernel, Python, I2C, ARM, presentation, C, oscilloscope",Embedded Systems Engineer,Easy
"Jupyter, Bayesian statistics, regression, matplotlib, python, hypothesis testing, pandas, feature selection, communication, data wrangling",Data Scientist,Medium
"SQL, behavior-driven development, Python, CI/CD, Git, BDD, JUnit, JMeter, test planning",QA Automation Engineer,Medium
"hypothesis testing, communication, SQL, clustering, dbt, feature selection, statistics, pandas, causal inference, data wrangling, seaborn, scrum",Data Scientist,Medium
"Bash scripting, FinOps, Jenkins, Prometheus, Git, Ansible, Docker",DevOps Engineer,Medium
"Pact, SQL, teamwork, test automation, Python, k6, Jira, Cucumber, Git, test planning, Selenium",QA Automation Engineer,Medium
"Confluence, debugging, data structures, code review, system design, unit testing, OOP, documentation",Software Engineer,Easy
"code review, Linux, algorithms, Git, Java, data structures, agile",Software Engineer,Easy
"cloud architecture, CloudFormation, IAM, cloud security, cost optimization, GCP, Docker, leadership, Terraform, Confluence, load balancing",Cloud Engineer,Hard
"wireframing, interaction design, prototyping, component libraries, information architecture, Sketch, motion design, design systems, accessibility, user research, HTML, service design",UI/UX Designer,Hard
"monitoring, Kubernetes, time management, Docker, Terraform, K8s, Prometheus, Ansible, Confluence, Jenkins, container orchestration, CI/CD",DevOps Engineer,Medium
"I2C, oscilloscope, microcontrollers, C, Linux kernel, real-time operating system, C++, RTOS",Embedded Systems Engineer,Easy
"Swift, JavaScript, Android, Git, Firebase, iOS, TypeScript, React Native, Dart",Mobile App Developer,Easy
"microservices, Next.js, Express, Jira, MongoDB, CSS, REST API, JavaScript, scrum, React.js, ReactJS, React",Full Stack Developer,Medium
"Confluence, CSS, Sketch, prototyping, user research, accessibility",UI/UX Designer,Easy
"Node.js, Docker, CSS, Redux, JavaScript, GraphQL, WebSockets, REST API",Full Stack Developer,Medium
"DeFi, Cosmos SDK, consensus algorithms, Ethereum, Web3.js, Solidity, Rust, IPFS",Blockchain Developer,Medium
"reliability targets, capacity planning, Go, service level objectives, Grafana, SLO/SLA, Linux, Kubernetes, Docker, observability, time management, AWS",Site Reliability Engineer,Hard
"iOS, REST API, Redux, JavaScript, mobile UI, Confluence, time management, TypeScript, Git, offline-first",Mobile App Developer,Medium
"firmware, Python, C, oscilloscope, microcontrollers, ARM, debugging, C++, Linux kernel, SPI, Jira",Embedded Systems Engineer,Easy
"Selenium, Git, SQL, Python, contract testing, test planning, JUnit, JMeter, BDD, test automation, leadership, Docker",QA Automation Engineer,Medium
"Airflow, hypothesis testing, presentation, pandas, Jupyter, statistics, agile, matplotlib, Spark, feature selection, R, seaborn, regression",Data Scientist,Hard
"python, SQL, pandas, data wrangling, documentation, regression, scikit-learn, Airflow, clustering, statistics, Confluence, seaborn",Data Scientist,Medium
"Web3.js, Solidity, JavaScript, ZK proofs, consensus algorithms, Rust, NFT, Go, Ethereum",Blockchain Developer,Hard
"k6, JUnit, BDD, Selenium WebDriver, CI/CD, Selenium, Python, Cucumber, test automation, test planning, contract testing, Cypress",QA Automation Engineer,Hard
"API testing, SQL, Docker, Cypress, Cucumber, presentation, test automation, Python, BDD, test planning",QA Automation Engineer,Easy
"Pytest, Python, presentation, Docker, performance testing, Git, test automation, CI/CD, Cypress, documentation",QA Automation Engineer,Medium
"Tableau, PowerBI, Excel, Power BI, KPI tracking, Python, reporting, SQL, data visualization, Google Sheets, pivot tables, Microsoft Power BI, Confluence, agile",Data Analyst,Easy
"Microsoft Power BI, Power BI, Google Sheets, Jira, ETL, Excel, data visualization, agile, PowerBI",Data Analyst,Easy
"wireframing, low-fidelity design, information architecture, prototyping, user flows, wireframes, Adobe XD, eye tracking, Sketch",UI/UX Designer,Medium
"data cleaning, reporting, ETL, KPI tracking, window functions, Excel, data visualization",Data Analyst,Medium
"microservices, authentication, caching strategies, Git, SQL, Node.js, MongoDB, Go, JWT, communication, server-side development, Docker, PostgreSQL",Backend Developer,Hard
"Sketch, time management, user research, wireframing, Adobe XD, Figma, accessibility, user flows, information architecture, design systems, communication, Framer, component libraries, prototyping",UI/UX Designer,Medium
"automation, Linux, Grafana, monitoring, CI/CD, Terraform, GitOps, Kubernetes, Git",DevOps Engineer,Hard
"HTML, usability testing, user research, CSS, prototyping, interaction design",UI/UX Designer,Easy
"CSS, design systems, interaction design, low-fidelity design, prototyping, user flows, wireframes, wireframing, HTML, usability testing, documentation",UI/UX Designer,Easy
"Python, data structures, SQL, Linux, Jira, Git, performance profiling, design patterns, leadership",Software Engineer,Medium
"firmware, documentation, SPI, Linux kernel, ARM, UART, FreeRTOS, microcontrollers, C, RTOS",Embedded Systems Engineer,Easy
"SIEM, SOC, compliance, firewalls, cryptography, communication, documentation, network security, malware analysis, penetration testing, Linux",Cybersecurity Analyst,Medium
"API testing, Python, Selenium, test automation, time management, Pytest, test planning, documentation, Docker, Cypress",QA Automation Engineer,Easy
"machine learning, numpy, CNN, convolutional neural network, feature engineering, torch, NLP, python, LSTM, PyTorch, image classification, pytorch, scikit-learn, OpenCV",AI/ML Engineer,Easy
"GraphQL, Node.js, scrum, CI/CD, JavaScript, CSS, Next.js, PostgreSQL, HTML, TypeScript, presentation",Full Stack Developer,Medium
"Git, design patterns, teamwork, problem solving, Python, presentation, system design, code review, OOP, Linux, C++, algorithms, compiler design",Software Engineer,Medium
"Lambda, Linux, scrum, cloud architecture, S3, CDN",Cloud Engineer,Easy
"Git, Rust, object-oriented programming, algorithms, SQL, Python, OOP, system design, memory management, object oriented",Software Engineer,Medium
"React Native, Kotlin, cross-platform mobile, mobile UI, Flutter/Dart, JavaScript, Google Flutter, performance optimization, RN, Jira, Redux, Swift, Git, Dart, Flutter, TypeScript",Mobile App Developer,Medium
"Adobe XD, Sketch, accessibility, design systems, Confluence, prototyping, agile, eye tracking, usability testing, Figma, information architecture, service design, user research",UI/UX Designer,Medium
"FreeRTOS, GPIO, UART, bootloader development, RTOS, firmware, C, safety-critical systems, ARM, debugging",Embedded Systems Engineer,Medium
"API testing, BDD, contract testing, chaos testing, Cypress, Python, test planning, Postman, JMeter, Docker, scrum",QA Automation Engineer,Hard
"Go, Truffle, smart contract language, smart contracts, Solidity, documentation, Ethereum, cryptography",Blockchain Developer,Medium
"regression, statistics, scrum, clustering, scikit-learn, pandas, documentation",Data Scientist,Easy
"zero trust, presentation, network security, cryptography, vulnerability assessment, Nmap, threat detection, firewalls, Linux, penetration testing",Cybersecurity Analyst,Medium
"JavaScript, iOS, React Native, Firebase, Flutter, cross-platform mobile, mobile UI, push notifications, RN, app store deployment, presentation, Kotlin",Mobile App Developer,Medium
"wireframing, user flows, HTML, prototyping, information architecture, accessibility, motion design, Figma, Sketch, communication",UI/UX Designer,Medium
"Elasticsearch Logstash Kibana, Docker, on-call, Linux, Grafana, Prometheus, observability, AWS, ELK stack, ELK",Site Reliability Engineer,Medium
"server-side development, gRPC, JWT, SQL, Docker, PostgreSQL, Flask, Redis, authentication",Backend Developer,Medium
"KPI tracking, pivot tables, reporting, ETL, SQL, Power BI",Data Analyst,Easy
"Wireshark, pen testing, firewalls, CVE research, ethical hacking, network security, penetration testing, Python, Linux, SIEM",Cybersecurity Analyst,Medium
"Go, caching strategies, Python, Docker, Git, Node.js, SQL, Kafka, communication, authentication",Backend Developer,Hard
"Jira, automation, SRE practices, CI/CD, agile, monitoring, Python, Grafana, Ansible",DevOps Engineer,Medium
"Jira, FreeRTOS, I2C, RTOS, agile, C++, Linux kernel, microcontrollers, FPGA, GPIO",Embedded Systems Engineer,Medium
"Sketch, wireframes, prototyping, interaction design, Figma, low-fidelity design, accessibility, design systems, wireframing",UI/UX Designer,Easy
"Azure, AWS, Google Cloud, Amazon cloud, load balancing, CloudFormation, Google Cloud Platform, networking, SLA design, GCP, Linux, serverless, Amazon Web Services, Terraform",Cloud Engineer,Hard
"Prometheus, ELK stack, toil reduction, observability, Docker, Linux, Confluence, Python, Terraform, AWS, on-call, distributed tracing, incident management",Site Reliability Engineer,Hard
"data wrangling, Jupyter, numpy, clustering, feature selection, python, classification",Data Scientist,Easy
"power optimization, C++, firmware, RTOS, real-time operating system, microcontrollers, UART, Linux kernel, GPIO",Embedded Systems Engineer,Medium
"Python, C++, I2C, UART, RTOS, oscilloscope, GPIO, DSP, agile, C, Linux kernel, leadership, microcontrollers",Embedded Systems Engineer,Medium
"distributed tracing, SLO/SLA, Kubernetes, toil reduction, Python, Jaeger, Grafana, reliability targets, teamwork, service level objectives, Terraform",Site Reliability Engineer,Hard
"Web3.js, Web3, web3, Ethereum, presentation, leadership, consensus algorithms, Solidity, cryptography, JavaScript",Blockchain Developer,Easy
"Nmap, forensics, SIEM, OWASP, threat detection, Jira, compliance, network security, Linux, Wireshark",Cybersecurity Analyst,Medium
"Docker, Selenium, Playwright, CI/CD, JMeter, Git, Cucumber, Python, SQL, JUnit",QA Automation Engineer,Hard
"Kotlin, Git, Flutter, React Native, mobile UI, Redux, TypeScript, Jira",Mobile App Developer,Easy
"MongoDB, Mongo, PostgreSQL, React, NoSQL, CSS, Next.js, microservices, HTML",Full Stack Developer,Medium
"cloud architecture, Azure, IAM, Linux, Docker, Lambda, networking, FinOps",Cloud Engineer,Medium
"pipeline, Jenkins, AWS, continuous deployment, Git, continuous integration, CI/CD, Prometheus",DevOps Engineer,Medium
"regression, scikit-learn, Bayesian statistics, numpy, python, Jupyter, pandas, matplotlib, statistics",Data Scientist,Medium
"SQL, algorithms, memory management, unit testing, system design, Git, leadership, C++, scrum, problem solving",Software Engineer,Medium
"Redis, REST API, server-side development, Go, Git, Python, PostgreSQL, leadership, Django, gRPC",Backend Developer,Medium
"Web3.js, smart contracts, consensus algorithms, Solidity, JavaScript, Rust, Ethereum, documentation, Jira",Blockchain Developer,Medium
"cloud architecture, IAM, EC2, Docker, Kubernetes, Lambda, Linux, CDN",Cloud Engineer,Medium
"Jira, Prometheus, Terraform, Git, observability, leadership, Docker, Linux, Go, incident management",Site Reliability Engineer,Medium
"NodeJS, React.js, Node, ReactJS, Next.js, MongoDB, JWT, Docker, REST API, Express, JavaScript, Node.js, React, PostgreSQL",Full Stack Developer,Medium
"AWS, CDN, Linux, load balancing, Pulumi, cloud architecture, Azure, networking, Terraform",Cloud Engineer,Medium
"web3, NFT, DeFi, cross-chain bridges, smart contracts, Web3.js, Truffle, consensus algorithms, Web3, Solidity, Ethereum, Hardhat",Blockchain Developer,Medium
"C++, firmware, Jira, SPI, UART, leadership, AUTOSAR, DSP, debugging, microcontrollers, oscilloscope, FreeRTOS, ARM",Embedded Systems Engineer,Medium
"Python, Linux, teamwork, malware analysis, OWASP, vulnerability assessment, compliance, SOC, firewalls, SIEM",Cybersecurity Analyst,Medium
"numpy, scikit-learn, computer vision, Jira, OpenCV, feature engineering, scrum, NLP",AI/ML Engineer,Easy
"teamwork, Terraform, Kubernetes, observability, capacity planning, AWS, error budgets, Go, documentation, Linux",Site Reliability Engineer,Hard
"AWS, Prometheus, Grafana, Istio, automation, Linux, scrum",DevOps Engineer,Medium
"AWS, incident management, Grafana, observability, Python, Git",Site Reliability Engineer,Medium
"data modeling, Tableau, pivot tables, Python, Google Sheets, Excel, data cleaning, Looker, BigQuery, SQL",Data Analyst,Hard
"smart contracts, agile, Substrate, Rust, DeFi, IPFS, Truffle, Go, Solidity, consensus algorithms, cross-chain bridges",Blockchain Developer,Hard
"JUnit, Git, Selenium, test planning, Pact, visual regression, Python, test automation, API testing, JMeter",QA Automation Engineer,Hard
"user research, information architecture, wireframing, prototyping, user flows, CSS, communication, usability testing, Sketch, accessibility",UI/UX Designer,Easy
"smart contracts, Confluence, consensus algorithms, JavaScript, Go, agile, Solidity, DeFi, Layer 2, Truffle, Ethereum",Blockchain Developer,Medium
"KPI tracking, Python, ETL, Microsoft Power BI, SQL, Power BI, PowerBI, reporting, pivot tables",Data Analyst,Easy
"machine learning, keras, tensorflow, huggingface, pytorch, numpy",AI/ML Engineer,Easy
"gRPC, REST API, documentation, Git, Node.js, SQL, Docker, Django, microservices, teamwork, Redis, Flask",Backend Developer,Medium
"JMeter, test planning, Pytest, CI/CD, Cypress, visual regression, Docker, Cucumber, Selenium, test automation, Python, Pact, Git",QA Automation Engineer,Hard
"Git, Pytest, test planning, agile, Cypress, BDD, Python, Selenium",QA Automation Engineer,Easy
"Postman, test planning, communication, SQL, Cypress, Selenium, Python, performance testing, test automation",QA Automation Engineer,Medium
"Nmap, cryptography, firewalls, Confluence, incident response, threat detection, SOC, penetration testing, network security",Cybersecurity Analyst,Easy
"documentation, S3, Terraform, Linux, GCP, multi-cloud, networking, IAM",Cloud Engineer,Medium
"incident management, Linux, Prometheus, Grafana, Kubernetes, observability",Site Reliability Engineer,Medium
"PostgreSQL, gRPC, Docker, server-side development, Go, SQL, Redis, Flask, Node.js, scrum",Backend Developer,Medium
"JavaScript, DeFi, web3, Go, smart contracts, Web3, Ethereum, Solidity, Web3.js",Blockchain Developer,Medium
"SQL, documentation, pivot tables, business intelligence, dbt, reporting, Tableau, Jira",Data Analyst,Medium
"networking, cost optimization, serverless, AWS, EC2, Linux, load balancing, Azure, multi-cloud, Kubernetes, CDN",Cloud Engineer,Hard
"API testing, test automation, CI/CD, contract testing, JMeter, Cucumber, documentation, Cypress, chaos testing, test planning, Python, Selenium, Postman",QA Automation Engineer,Hard
"documentation, MongoDB, Docker, Node, PostgreSQL, JavaScript, NodeJS, TypeScript, Node.js",Full Stack Developer,Easy
"incident response, Linux, threat detection, penetration testing, zero trust, compliance",Cybersecurity Analyst,Medium
"Python, SPI, firmware, microcontrollers, FPGA, RTOS, communication, debugging, real-time operating system, C++",Embedded Systems Engineer,Medium
"Git, Grafana, incident management, AWS, SLO/SLA, Python, Linux",Site Reliability Engineer,Medium
"Python, Kubernetes, Ansible, Linux, monitoring, Bash scripting, Terraform, automation, FinOps, GitOps",DevOps Engineer,Hard
"statistics, pandas, classification, PySpark, data wrangling, Jupyter, feature selection, matplotlib, Apache Spark, numpy, R, Bayesian statistics, Spark",Data Scientist,Hard
"numpy, torch, feature engineering, scrum, deep learning, pandas, CNN, transformers, pytorch, scikit-learn, PyTorch, time management",AI/ML Engineer,Easy
"presentation, Terraform, runbooks, on-call, toil reduction, observability, Prometheus, Git, Go, documentation, distributed tracing, incident management",Site Reliability Engineer,Hard
"test planning, Cypress, API testing, SQL, Python, Selenium, Pytest, test automation",QA Automation Engineer,Easy
"pivot tables, Jira, SQL, ETL, data visualization, Excel, time management, Microsoft Power BI, Google Sheets, reporting, Power BI, PowerBI, Metabase",Data Analyst,Medium
"wireframing, leadership, Adobe XD, prototyping, A/B testing, accessibility, interaction design, usability testing, information architecture, user research, Figma",UI/UX Designer,Medium
"Python, design patterns, problem solving, communication, data structures, presentation, system design, C++",Software Engineer,Easy
"test automation, documentation, Pytest, Python, time management, Selenium, test planning, CI/CD, Postman, Git",QA Automation Engineer,Medium
"Docker, Terraform, Python, Confluence, Prometheus, Grafana, distributed tracing, SLO/SLA, AWS, Linux, teamwork",Site Reliability Engineer,Medium
"JavaScript, React.js, Jira, MongoDB, Git, REST API, React, leadership, Docker, Redux, CSS, NoSQL, Mongo, ReactJS, GraphQL",Full Stack Developer,Easy
"model evaluation, NLP, transformers, feature engineering, pandas, keras, time management, numpy",AI/ML Engineer,Easy
"seaborn, Confluence, python, feature selection, scikit-learn, matplotlib, statistics, presentation, clustering, pandas, classification, SQL, Hadoop",Data Scientist,Medium
"UART, ARM, FreeRTOS, Linux kernel, firmware, Confluence, FPGA, microcontrollers, DSP, oscilloscope, Jira, RTOS",Embedded Systems Engineer,Medium
"pandas, SQL, dbt, classification, statistics, clustering, numpy, feature selection, Jupyter",Data Scientist,Medium
"A/B testing, numpy, data wrangling, clustering, pandas, classification, hypothesis testing, seaborn",Data Scientist,Medium
"debugging, C, Python, teamwork, RTOS, I2C",Embedded Systems Engineer,Easy
"teamwork, user flows, HTML, Figma, component libraries, user research, information architecture, Sketch, prototyping, CSS, wireframing, design systems",UI/UX Designer,Medium
"threat intelligence, teamwork, vulnerability assessment, cryptography, firewalls, OWASP, presentation, threat detection, zero trust, SOC, network security",Cybersecurity Analyst,Medium
"Git, iOS, RN, Redux, React Native, cross-platform mobile, mobile UI, Dart, Swift, Kotlin",Mobile App Developer,Easy
"Cypress, test automation, Python, Pytest, SQL, test planning, JUnit, Pact, Git, Postman, Selenium",QA Automation Engineer,Medium
"scrum, C++, GPIO, Confluence, Linux kernel, bootloader development, C, microcontrollers, ARM, RTOS",Embedded Systems Engineer,Medium
"reporting, KPI tracking, data cleaning, Python, Excel, dashboard design, ETL",Data Analyst,Easy
"incident management, Docker, Kubernetes, Go, Python, on-call, Grafana, ELK stack, OpenTelemetry, SLO/SLA",Site Reliability Engineer,Hard
"Rust, time management, Truffle, cryptography, smart contracts, Solidity, NFT, Go, consensus algorithms",Blockchain Developer,Medium
"OOP, Python, teamwork, code review, Rust, debugging, data structures, C++, algorithms, system design",Software Engineer,Medium
"mobile UI, REST API, JavaScript, presentation, Git, Firebase, Android, communication, React Native, Kotlin, TypeScript, Swift",Mobile App Developer,Easy
"LSTM, computer vision, CUDA, machine learning, scikit-learn, OpenCV, tensorflow",AI/ML Engineer,Medium
"Docker, test planning, test automation, agile, Git, BDD, Selenium, API testing, visual regression",QA Automation Engineer,Medium
"caching strategies, microservices, SQL, FastAPI, server-side development, Docker, RabbitMQ, authentication, MongoDB, Node.js, REST API, Python",Backend Developer,Hard
"CSS, PostgreSQL, Next.js, HTML, performance optimization, Express, MongoDB, microservices, Kubernetes",Full Stack Developer,Hard
"PowerBI, reporting, pivot tables, business intelligence, Excel, dashboard design, SQL, Microsoft Power BI, Power BI, BigQuery",Data Analyst,Medium
"RTOS, real-time operating system, Python, C++, SPI, agile, microcontrollers, UART, FreeRTOS, oscilloscope, firmware, GPIO",Embedded Systems Engineer,Easy
"CSS, time management, HTML, Next.js, Docker, PostgreSQL, performance optimization, Redux",Full Stack Developer,Medium
"DeFi, smart contracts, Truffle, cryptography, IPFS, agile, Hardhat, Solidity",Blockchain Developer,Easy
"ONNX, Confluence, CNN, transformers, python, tensorflow, model evaluation, numpy, pandas, huggingface",AI/ML Engineer,Medium
"user flows, design tokens, design systems, Figma, wireframing, user research, information architecture, Figma design, UI design tool, motion design, prototyping",UI/UX Designer,Medium
"Jira, data wrangling, statistics, feature selection, Spark, seaborn, communication, Jupyter, python",Data Scientist,Medium
"TypeScript, documentation, HTML, CSS, Git, JavaScript, Next.js",Full Stack Developer,Easy
"MongoDB, Docker, TypeScript, Next.js, Redux, Node.js, Express, CI/CD, JavaScript, HTML",Full Stack Developer,Medium
"matplotlib, python, data wrangling, numpy, feature selection, clustering, leadership, Jupyter, agile, hypothesis testing",Data Scientist,Easy
"PostgreSQL, Docker, server-side development, MongoDB, Go, gRPC, Node.js, Git, caching strategies",Backend Developer,Hard
"Kotlin, Dart, JavaScript, REST API, native modules, Flutter, Git, app store deployment, React Native, Firebase, communication",Mobile App Developer,Medium
"SLO/SLA, Prometheus, Grafana, Docker, on-call, OpenTelemetry, Linux, leadership",Site Reliability Engineer,Medium
"REST API, authentication, Redis, Kafka, SQL, JWT, Docker, MongoDB, Node.js, Confluence",Backend Developer,Medium
"NodeJS, Redux, Node, PostgreSQL, teamwork, SSR, JWT, JavaScript, MongoDB, Node.js, Express",Full Stack Developer,Medium
"AWS, Linux, Prometheus, scrum, runbooks, Python, Go, leadership, on-call",Site Reliability Engineer,Medium
"authentication, REST API, FastAPI, Redis, MongoDB, Python, SQL, communication",Backend Developer,Easy
"Node.js, RabbitMQ, MongoDB, Redis, PostgreSQL, Python, Docker, Flask, REST API",Backend Developer,Medium
"presentation, agile, Figma design, usability testing, design systems, UI design tool, Figma, user flows, wireframing",UI/UX Designer,Easy
"REST API, push notifications, leadership, Swift, Firebase, Git, Android, iOS, mobile UI, Redux, React Native, JavaScript",Mobile App Developer,Medium
"JWT, Docker, Redux, PostgreSQL, GraphQL, JavaScript, REST API, Next.js, CSS, WebSockets, presentation",Full Stack Developer,Medium
"IAM, GCP, EC2, Terraform, Linux, networking, load balancing, serverless",Cloud Engineer,Medium
"Kubernetes, cloud architecture, communication, GCP, cloud security, presentation, IAM, S3, AWS",Cloud Engineer,Hard
"dashboard design, Python, Snowflake, ETL, data visualization, pivot tables, Excel, Google Sheets, KPI tracking, leadership",Data Analyst,Medium
"app store deployment, cross-platform mobile, TypeScript, Flutter, Jira, Git, React Native, Kotlin, Redux, RN, mobile UI, REST API, push notifications, presentation",Mobile App Developer,Medium
"DeFi, smart contracts, Solidity, Hardhat, IPFS, smart contract language, Truffle, Ethereum, presentation, Go, Web3.js, consensus algorithms",Blockchain Developer,Medium
"Flutter, React Native, TypeScript, agile, leadership, Redux, Android, Git, JavaScript, Swift, Dart",Mobile App Developer,Easy
"Linux, Terraform, AWS, load balancing, VPC, IAM",Cloud Engineer,Medium
"model evaluation, numpy, image classification, python, scikit-learn, deep learning, LSTM, convolutional neural network, computer vision, presentation, Confluence, ONNX, machine learning, CNN",AI/ML Engineer,Medium
"time management, Solidity, smart contract language, cryptography, Go, DeFi, Ethereum, JavaScript",Blockchain Developer,Medium
"React, Node, NodeJS, microservices, MongoDB, OAuth, documentation, CSS, Kubernetes, Node.js, agile, Git, Next.js, PostgreSQL, HTML",Full Stack Developer,Hard
"caching strategies, RabbitMQ, FastAPI, Node.js, Flask, Git, Docker, MongoDB, JWT, server-side development, Confluence",Backend Developer,Hard
"presentation, image classification, CNN, computer vision, numpy, tensorflow, convolutional neural network, scikit-learn, agile, huggingface, keras",AI/ML Engineer,Easy
"Jaeger, Linux, Jira, Confluence, Docker, SLO/SLA, runbooks, Go, chaos engineering, observability, Python, Prometheus",Site Reliability Engineer,Hard
"OWASP, Wireshark, threat detection, firewalls, network security, SOC, exploit development, Linux",Cybersecurity Analyst,Medium
"firewalls, Nmap, penetration testing, malware analysis, agile, incident response, Linux, threat detection, OWASP, SOC, SIEM, Confluence",Cybersecurity Analyst,Medium
"EC2, Docker, cloud architecture, IAM, CDN, Linux, SLA design",Cloud Engineer,Medium
"Git, CSS, REST API, MongoDB, JavaScript, TypeScript, React, Next.js, Docker",Full Stack Developer,Easy
"pivot tables, PowerBI, business intelligence, Microsoft Power BI, Excel, BigQuery, SQL, Power BI, Python",Data Analyst,Medium
"ARM Cortex, RTOS, ARM architecture, Python, Confluence, Linux kernel, debugging, GPIO, C, communication, ARM",Embedded Systems Engineer,Easy
"Next.js, Git, Kubernetes, React.js, GraphQL, ReactJS, MongoDB, CSS, React",Full Stack Developer,Medium
"IAM, cloud architecture, Lambda, CDN, time management, Azure, GCP, load balancing, AWS",Cloud Engineer,Medium
"firmware, Linux kernel, power optimization, documentation, Python, GPIO, leadership, oscilloscope, FreeRTOS, RTOS",Embedded Systems Engineer,Medium
"Docker, scrum, toil reduction, Kubernetes, on-call, Go, capacity planning, Terraform, observability, presentation, Jaeger, Python",Site Reliability Engineer,Hard
"JavaScript, presentation, Kotlin, Jira, Git, Swift, mobile UI, REST API, performance optimization, Dart",Mobile App Developer,Medium
"JavaScript, REST API, communication, Node.js, CSS, Git, PostgreSQL, Express, TypeScript",Full Stack Developer,Easy
"agile, reporting, Confluence, dashboard design, data visualization, Excel, Python, Power BI, KPI tracking, SQL",Data Analyst,Easy
"scrum, Jira, CNN, neural networks, pytorch, numpy, machine learning, tensorflow, RNN, pandas, LLM",AI/ML Engineer,Medium
"JavaScript, Android, Firebase, Git, documentation, mobile UI, agile, Dart",Mobile App Developer,Easy
"threat detection, firewalls, Confluence, forensics, incident response, SOC, Python",Cybersecurity Analyst,Medium
"CI/CD, contract testing, Confluence, Selenium, test planning, Playwright, Cypress, Docker",QA Automation Engineer,Hard
"debugging, data structures, system design, memory management, problem solving, design patterns, concurrency, Python, Jira, algorithms, unit testing, code review",Software Engineer,Medium
"cloud architecture, VPC, Terraform, Linux, GCP, Kubernetes",Cloud Engineer,Medium
"Firebase, Flutter, JavaScript, mobile UI, Dart, React Native, Git, REST API, Google Flutter, Flutter/Dart",Mobile App Developer,Easy
"pandas, huggingface, image classification, Confluence, transformers, machine learning, tensorflow, scikit-learn, feature engineering, distributed training, RNN, convolutional neural network, diffusion models, CNN",AI/ML Engineer,Medium
"scrum, Jaeger, Terraform, ELK stack, Jira, on-call, observability, Git, incident management, SLO/SLA",Site Reliability Engineer,Medium
"test automation, Pytest, Python, Git, test planning, Selenium WebDriver, API testing, teamwork, Cucumber, Selenium, Docker",QA Automation Engineer,Easy
"Docker, GraphQL, Git, React, Redux, HTML, MongoDB, PostgreSQL, Node.js, React.js, ReactJS, CSS",Full Stack Developer,Easy
"Grafana, Linux, communication, observability, AWS, Prometheus",Site Reliability Engineer,Medium
"Excel, Tableau Desktop, Google Sheets, leadership, Tableau Server, dashboard design, ETL, time management, Tableau, data visualization, pivot tables, Power BI",Data Analyst,Easy
"concurrency, Python, code review, Git, distributed systems, performance profiling, Java, Linux, algorithms",Software Engineer,Hard
"documentation, python, OpenCV, pandas, numpy, LSTM, deep learning",AI/ML Engineer,Easy
"Kubernetes, CSS, REST API, Git, Node.js, JavaScript, TypeScript, Docker",Full Stack Developer,Medium
"FastAPI, REST API, documentation, Docker, SQL, MongoDB, server-side development, Node.js",Backend Developer,Easy
"Flask, MongoDB, authentication, Docker, SQL, Python, teamwork, JWT, Django",Backend Developer,Medium
"regression, presentation, clustering, classification, numpy, pandas, feature selection, python, hypothesis testing, R, Jira",Data Scientist,Medium
"cryptography, DAO governance, Solidity, Truffle, smart contracts, NFT, Web3, scrum, Go, web3, Web3.js, teamwork, Ethereum, Hardhat",Blockchain Developer,Medium
"Grafana, incident management, Docker, Linux, Prometheus, SLO/SLA, agile, Go, observability, AWS, runbooks",Site Reliability Engineer,Medium
"CI/CD, container orchestration, agile, Bash scripting, Prometheus, Git, Terraform, time management, K8s, Kubernetes",DevOps Engineer,Medium
"Express, CSS, Docker, GraphQL, Confluence, HTML, MongoDB",Full Stack Developer,Easy
"MongoDB, HTML, leadership, JavaScript, React, Confluence, PostgreSQL, Next.js, GraphQL, TypeScript, Node.js",Full Stack Developer,Easy
"JWT, agile, Flask, PostgreSQL, Git, SQL, documentation",Backend Developer,Medium
"KPI tracking, reporting, data visualization, pivot tables, Excel, Google Sheets, Python, business intelligence, SQL, presentation",Data Analyst,Easy
"usability testing, prototyping, Figma, A/B testing, CSS, Framer, HTML, teamwork",UI/UX Designer,Medium
"AWS, Jenkins, communication, Linux, monitoring, Docker, CI/CD, Prometheus, documentation",DevOps Engineer,Medium
"Web3.js, NFT, consensus algorithms, Solidity, Web3, smart contracts, JavaScript, web3, IPFS, Hardhat, Go",Blockchain Developer,Medium
"Bayesian statistics, documentation, statistics, pandas, python, matplotlib, communication, classification, SQL, R, data wrangling",Data Scientist,Medium
"time management, Express, MongoDB, Redux, GraphQL, CSS, Next.js, teamwork, TypeScript, HTML",Full Stack Developer,Easy
"Ethereum, smart contracts, MEV, IPFS, cryptography, Go, smart contract language, Truffle, cross-chain bridges, agile, Solidity",Blockchain Developer,Hard
"Android, Kotlin, JavaScript, iOS, communication, Flutter, Git, REST API, Swift, React Native",Mobile App Developer,Easy
"load balancing, agile, cloud architecture, IAM, AWS, CDN, EC2",Cloud Engineer,Medium
"A/B testing, matplotlib, scikit-learn, pandas, data wrangling, feature selection, statistics, Jupyter",Data Scientist,Medium
"monitoring, Linux, AWS, automation, Prometheus, Jenkins, Kubernetes, documentation",DevOps Engineer,Medium
"Jira, performance profiling, compiler design, memory management, data structures, code review, Python, Git, algorithms, Linux, agile",Software Engineer,Hard
"distributed tracing, Grafana, SLO/SLA, Linux, Git, AWS, toil reduction, incident management, runbooks, Go, on-call",Site Reliability Engineer,Hard
"statistics, numpy, time management, hypothesis testing, regression, Hadoop, time series, R, feature selection, pandas, python, presentation",Data Scientist,Hard
"Python, Flask, Confluence, PostgreSQL, SQL, database optimization, Git, JWT, microservices",Backend Developer,Hard
"penetration testing, CVE research, compliance, network security, pen testing, forensics, SIEM, Linux, ethical hacking",Cybersecurity Analyst,Medium
"networking, Linux, IAM, Kubernetes, Terraform, Docker, S3, CloudFormation, load balancing, teamwork, cloud architecture",Cloud Engineer,Medium
"time management, vulnerability assessment, SOC, threat detection, Linux, incident response",Cybersecurity Analyst,Easy
"system design, C++, unit testing, leadership, Git, algorithms, Python, design patterns, communication, SQL",Software Engineer,Easy
"Node, NodeJS, REST API, CSS, JavaScript, Node.js, MongoDB, React, GraphQL",Full Stack Developer,Easy
"Selenium WebDriver, Cucumber, CI/CD, visual regression, JUnit, performance testing, Docker, Python, Selenium",QA Automation Engineer,Hard
"Swift, Flutter/Dart, mobile UI, ARKit, Flutter, leadership, JavaScript, Firebase, Git, Dart, REST API, Google Flutter",Mobile App Developer,Medium
"CNN, model evaluation, OpenCV, python, image classification, Confluence, keras, RNN, convolutional neural network, machine learning, pandas, feature engineering, diffusion models",AI/ML Engineer,Medium
"server-side development, FastAPI, authentication, Go, teamwork, Git, Jira, Django, Flask, REST API, Python, Django REST framework",Backend Developer,Medium
"Next.js, performance optimization, HTML, GraphQL, CSS, Redux, time management, Node.js, React, OAuth, MongoDB, TypeScript, Confluence, PostgreSQL",Full Stack Developer,Medium
"FinOps, Linux, Jenkins, Ansible, SRE practices, Prometheus, AWS, monitoring, scrum, CI/CD, Terraform",DevOps Engineer,Hard
"test automation, Selenium, time management, test planning, behavior-driven development, visual regression, Pytest, JUnit, CI/CD, agile, SQL, BDD",QA Automation Engineer,Medium
"Sketch, Adobe XD, component libraries, wireframing, CSS, user research, service design, Figma, design systems, prototyping, interaction design, usability testing",UI/UX Designer,Medium
"OpenTelemetry, distributed tracing, Linux, Prometheus, Terraform, Kubernetes, SLO/SLA, incident management, error budgets, Grafana, observability",Site Reliability Engineer,Hard
"unit testing, Linux, object-oriented programming, object oriented, algorithms, Rust, OOP, SQL",Software Engineer,Medium
"debugging, firmware, UART, RTOS, oscilloscope, power optimization, ARM architecture, ARM, microcontrollers, Python, SPI, ARM Cortex",Embedded Systems Engineer,Medium
"Android, JavaScript, React Native, iOS, mobile UI, Dart, performance optimization, Kotlin",Mobile App Developer,Medium
"NLP, scikit-learn, neural networks, numpy, pytorch, keras, feature engineering, deep learning, machine learning",AI/ML Engineer,Easy
"leadership, Docker, Linux, SLO/SLA, toil reduction, ELK stack, Prometheus, Grafana, runbooks, Python, Kubernetes, presentation",Site Reliability Engineer,Medium
"Prometheus, continuous integration, Terraform, Docker, SRE practices, CI/CD, Jenkins, Linux, pipeline, continuous deployment",DevOps Engineer,Medium
"CSS, Next.js, Express, microservices, Docker, Node.js",Full Stack Developer,Medium
"Linux, Jenkins, Git, automation, Python, FinOps, Prometheus",DevOps Engineer,Medium
"Linux, threat detection, network security, firewalls, SOC, red teaming, presentation, SIEM, cryptography",Cybersecurity Analyst,Medium
"interaction design, Jira, prototyping, Sketch, service design, user research, A/B testing, Adobe XD, HTML, information architecture, accessibility",UI/UX Designer,Medium
"smart contracts, Web3.js, leadership, teamwork, Ethereum, Hardhat, consensus algorithms, IPFS, cryptography",Blockchain Developer,Easy
"TypeScript, Git, Next.js, Mongo, JavaScript, HTML, React, NoSQL, Express, MongoDB, CSS, documentation",Full Stack Developer,Easy
"Sketch, user research, Jira, eye tracking, design systems, usability testing, design tokens, information architecture, Figma, prototyping, accessibility, interaction design, wireframing",UI/UX Designer,Medium
"Pytest, API testing, agile, CI/CD, Cucumber, Selenium, test planning, Docker",QA Automation Engineer,Medium
"FreeRTOS, I2C, ARM architecture, SPI, C++, ARM Cortex, C, ARM, GPIO, microcontrollers",Embedded Systems Engineer,Easy
"CSS, Docker, Next.js, React, agile, REST API, communication, Node.js, Mongo, MongoDB, NoSQL",Full Stack Developer,Easy
"React Native, push notifications, TypeScript, Git, Android, mobile UI, ARKit, Kotlin",Mobile App Developer,Medium
"VPC, SLA design, Lambda, Docker, networking, IAM, S3, FinOps",Cloud Engineer,Medium
"statistics, pandas, classification, presentation, Jupyter, scikit-learn, SQL, data wrangling",Data Scientist,Easy
"microcontrollers, GPIO, VHDL, teamwork, presentation, safety-critical systems, UART, DSP, ARM Cortex, FreeRTOS, ARM architecture, ARM, firmware, C, C++",Embedded Systems Engineer,Hard
"problem solving, leadership, debugging, Git, Python, agile, OOP, object-oriented programming, design patterns, data structures, object oriented",Software Engineer,Easy
"HTML, usability testing, wireframing, Sketch, Confluence, prototyping, design systems, Figma, time management, CSS, interaction design",UI/UX Designer,Easy
"AWS, continuous integration, Ansible, pipeline, CI/CD, presentation, Kubernetes, continuous deployment, Docker",DevOps Engineer,Hard
"advanced SQL, ETL, documentation, Python, Looker, BigQuery, reporting, Power BI, pivot tables, KPI tracking, Confluence, data visualization",Data Analyst,Hard
"agile, network security, vulnerability assessment, presentation, SOC, exploit development, penetration testing, firewalls, threat detection, Linux",Cybersecurity Analyst,Medium
"RTOS, I2C, microcontrollers, FreeRTOS, GPIO, Linux kernel, safety-critical systems, firmware, C, Python",Embedded Systems Engineer,Medium
"distributed tracing, AWS, Prometheus, ELK stack, documentation, observability, incident management, runbooks, Terraform, Grafana",Site Reliability Engineer,Medium
"Git, scrum, compiler design, Linux, debugging, time management, data structures, SQL, design patterns, problem solving, Go, Python",Software Engineer,Medium
"Swift, Redux, React Native, Dart, JavaScript, TypeScript, Android",Mobile App Developer,Easy
"Prometheus, presentation, incident management, ELK stack, error budgets, OpenTelemetry, Terraform, Docker, AWS, Grafana, SLO/SLA",Site Reliability Engineer,Hard
"zero trust, SIEM, agile, firewalls, CVE research, incident response, network security, Linux, threat detection, OWASP",Cybersecurity Analyst,Medium
"time series, numpy, statistics, regression, A/B testing, SQL, matplotlib, time management, pandas",Data Scientist,Medium
"TF, tensorflow, pandas, numpy, transformers, TensorFlow, LSTM, neural networks, RNN, presentation, deep learning, python, scikit-learn, agile",AI/ML Engineer,Easy
"pen testing, vulnerability assessment, OWASP, forensics, ethical hacking, network security, penetration testing, incident response, Linux, firewalls",Cybersecurity Analyst,Medium
"Python, Docker, leadership, Selenium, Cypress, Postman, Cucumber, test automation, communication, Pytest, test planning, BDD",QA Automation Engineer,Easy
"chaos engineering, SLO/SLA, service level objectives, Kubernetes, reliability targets, Docker, ELK stack, Elasticsearch Logstash Kibana, observability, ELK",Site Reliability Engineer,Medium
"GCP, documentation, networking, cloud architecture, AWS, Azure, IAM, EC2, load balancing, CDN, Lambda",Cloud Engineer,Medium
"TypeScript, mobile UI, cross-platform mobile, Firebase, Android, React Native, Git, Flutter, documentation, RN, REST API, Redux, JavaScript",Mobile App Developer,Easy
"Solidity, Ethereum, tokenomics, smart contracts, Cosmos SDK, Rust, time management, Hardhat, consensus algorithms, Go, presentation, smart contract language",Blockchain Developer,Hard
"Python, compliance, SOC, security information and event management, OWASP, network security, Linux, SIEM",Cybersecurity Analyst,Easy
"Python, Tableau Desktop, reporting, business intelligence, Tableau Server, ETL, Excel, pivot tables, data cleaning, Tableau",Data Analyst,Easy
"Tableau Server, Power BI, data visualization, Looker, pivot tables, Tableau, Google Sheets, Jira, Tableau Desktop, Python, advanced SQL, SQL, ETL",Data Analyst,Medium
"MySQL, pandas, python, clustering, database queries, numpy, PostgreSQL, seaborn, SQL, Jupyter, Hadoop, time series",Data Scientist,Medium
"SRE practices, Ansible, continuous deployment, Git, Jira, Docker, Prometheus, Kubernetes, pipeline, agile, Bash scripting, continuous integration, CI/CD",DevOps Engineer,Hard
"FastAPI, Node.js, database optimization, Django, Flask, server-side development, Redis, Python, Docker, SQL, Git, Go",Backend Developer,Medium
"firewalls, Nmap, vulnerability assessment, cryptography, time management, network security, SIEM, Wireshark, threat detection, CVE research, Linux, incident response, forensics",Cybersecurity Analyst,Medium
"documentation, microcontrollers, C++, SPI, Linux kernel, oscilloscope",Embedded Systems Engineer,Easy
"SQL, Power BI, Microsoft Power BI, business intelligence, agile, ETL, data visualization, Python, Metabase, BigQuery, Excel, PowerBI, Snowflake",Data Analyst,Hard
"wireframing, low-fidelity design, prototyping, design systems, usability testing, user research, Figma, information architecture, wireframes",UI/UX Designer,Easy
"Pact, JUnit, Confluence, Docker, Cucumber, Cypress, chaos testing, Selenium, Python, CI/CD",QA Automation Engineer,Hard
"kubeflow, CNN, keras, Confluence, RNN, scrum, ONNX, scikit-learn, python",AI/ML Engineer,Medium
"oscilloscope, FreeRTOS, I2C, AUTOSAR, microcontrollers, SPI, ARM, C++, DSP",Embedded Systems Engineer,Medium
"usability testing, CSS, user flows, prototyping, presentation, Figma, information architecture, wireframing, HTML",UI/UX Designer,Easy
"Confluence, Linux, Git, Prometheus, Helm, Terraform, Bash scripting, leadership, Docker",DevOps Engineer,Medium
"Git, Docker, Terraform, Prometheus, CI/CD, Jenkins, automation, Bash scripting, Python",DevOps Engineer,Medium
"problem solving, debugging, algorithms, OOP, Linux, Git, Python",Software Engineer,Easy
"Git, Python, agile, REST API, authentication, Django, Node.js, SQL",Backend Developer,Easy
"FinOps, cloud architecture, Azure, Lambda, Terraform, VPC, Docker, CDN, networking",Cloud Engineer,Medium
"CI/CD, Grafana, Ansible, Prometheus, monitoring, Linux, Git, Bash scripting, Docker, Jenkins, documentation, scrum",DevOps Engineer,Medium
"AWS, Bash scripting, Kubernetes, Helm, Grafana, GitOps, Docker, automation, Jira, CI/CD, Terraform, leadership, K8s, Jenkins, container orchestration",DevOps Engineer,Hard
"pandas, clustering, time management, teamwork, matplotlib, python, classification, statistics, regression, numpy, causal inference",Data Scientist,Medium
"tensorflow, leadership, CNN, scikit-learn, computer vision, numpy, transformers, documentation, MLOps",AI/ML Engineer,Medium
"Amazon cloud, EC2, networking, presentation, cloud security, AWS, Amazon Web Services, CDN, GCP, multi-cloud, S3, agile",Cloud Engineer,Hard
"pandas, python, deep learning, Jira, model evaluation, computer vision",AI/ML Engineer,Easy
"Flask, Docker, JWT, Python, agile, REST API, Django, SQL, Git, Redis, presentation, MongoDB",Backend Developer,Medium
"JavaScript, Node.js, Redux, communication, JWT, MongoDB, NoSQL, Kubernetes, PostgreSQL, Mongo, REST API, React, HTML",Full Stack Developer,Medium
"caching strategies, JWT, Docker, Git, server-side development, Node.js, agile, SQL, microservices",Backend Developer,Hard
"GCP, Google Cloud, Pulumi, networking, cloud architecture, Docker, Linux, Lambda, Google Cloud Platform, multi-cloud, serverless",Cloud Engineer,Hard
"I2C, SPI, C, oscilloscope, RTOS, FreeRTOS, ARM, AUTOSAR",Embedded Systems Engineer,Medium
"database queries, PostgreSQL, python, statistics, data wrangling, MySQL, numpy, hypothesis testing, SQL, classification, Jupyter",Data Scientist,Easy
"Prometheus, runbooks, Kubernetes, ELK, ELK stack, incident management, Linux, time management, Go, Jaeger, Elasticsearch Logstash Kibana, OpenTelemetry, AWS, Python",Site Reliability Engineer,Hard
"automation, Kubernetes, communication, Python, Docker, Terraform, AWS, Ansible, agile, Grafana",DevOps Engineer,Medium
"Jenkins, pipeline, continuous deployment, Linux, Grafana, Kubernetes, documentation, CI/CD, Helm, Prometheus, Docker, Ansible, continuous integration, Terraform",DevOps Engineer,Hard
"RTOS, microcontrollers, ARM, oscilloscope, Python, C++, SPI, GPIO",Embedded Systems Engineer,Easy
"Git, MongoDB, React, JavaScript, Redux, NodeJS, ReactJS, time management, React.js, Node.js, GraphQL, CSS, Express, WebSockets, Node, Docker",Full Stack Developer,Medium
"CDN, networking, S3, VPC, GCP, cloud architecture, AWS, Pulumi, documentation, Linux",Cloud Engineer,Medium
"ethical hacking, SOC, SIEM, Linux, firewalls, penetration testing, threat detection, exploit development, OWASP, pen testing",Cybersecurity Analyst,Medium
"Kubernetes, Linux, Istio, automation, Grafana, Docker, monitoring, time management",DevOps Engineer,Medium
"accessibility, user research, Confluence, service design, design systems, HTML, prototyping, Adobe XD, CSS",UI/UX Designer,Medium
"statistics, scrum, Hadoop, python, causal inference, numpy, matplotlib, teamwork, clustering, data wrangling, classification, pandas, forecasting",Data Scientist,Hard
"wireframing, Figma design, usability testing, CSS, Sketch, prototyping, user flows, HTML, user research, eye tracking, UI design tool, Figma, design systems",UI/UX Designer,Medium
"NFT, Ethereum, consensus algorithms, Solidity, DeFi, Web3.js, Jira, smart contracts, Rust",Blockchain Developer,Medium
"SQL, PostgreSQL, feature selection, forecasting, database queries, classification, python, agile, data wrangling, seaborn, teamwork, MySQL",Data Scientist,Medium
"JWT, agile, Redis, Python, Node.js, PostgreSQL, documentation, RabbitMQ, Git",Backend Developer,Medium
"Google Flutter, JavaScript, Flutter/Dart, mobile UI, Redux, REST API, Flutter, agile, Swift, Firebase, iOS",Mobile App Developer,Easy
"pandas, numpy, TensorFlow, machine learning, tensorflow, leadership, distributed training, TF, CUDA, LSTM, neural networks, keras, scrum",AI/ML Engineer,Medium
"Cosmos SDK, teamwork, Truffle, Solidity, smart contract language, Rust, Web3.js, DeFi, Ethereum, Go, JavaScript",Blockchain Developer,Hard
"Kotlin, leadership, Firebase, JavaScript, REST API, mobile UI, Dart, Swift, TypeScript",Mobile App Developer,Easy
"OpenCV, transformers, python, RNN, huggingface, LSTM, machine learning, pandas, MLOps, scikit-learn",AI/ML Engineer,Medium
"time management, cryptography, Python, Linux, threat detection, agile, network security, red teaming, SOC, vulnerability assessment, firewalls, Wireshark",Cybersecurity Analyst,Medium
"networking, agile, IAM, cloud architecture, EC2, Docker, CDN, Linux",Cloud Engineer,Easy
"Git, K8s, Grafana, Linux, container orchestration, Python, AWS, leadership, Kubernetes",DevOps Engineer,Medium
"test automation, SQL, JUnit, JMeter, Selenium WebDriver, Pytest, Python, Confluence, Git, Pact, performance testing, test planning, API testing, presentation, Selenium",QA Automation Engineer,Hard
"agile, Tableau, Excel, Python, SQL, Metabase, Power BI, reporting, pivot tables, business intelligence",Data Analyst,Medium
"EC2, Google Cloud, IAM, networking, CloudFormation, Kubernetes, serverless, AWS, Google Cloud Platform, Linux, GCP",Cloud Engineer,Hard
"automation, AWS, Python, Docker, Bash scripting, Kubernetes, leadership, service mesh, Terraform",DevOps Engineer,Hard
"Tableau Desktop, SQL, teamwork, data modeling, data visualization, ETL, data cleaning, Tableau Server, Google Sheets, Tableau, Excel, Python, KPI tracking, reporting",Data Analyst,Medium
"FastAPI, Flask, MongoDB, PostgreSQL, Python API, Git, SQL, fast api, server-side development",Backend Developer,Easy
"design systems, usability testing, UI design tool, Confluence, HTML, interaction design, user research, Figma, Figma design",UI/UX Designer,Easy
"feature engineering, OpenCV, pandas, NLP, neural networks, scikit-learn, transformers, numpy, CNN, python",AI/ML Engineer,Easy
"Docker, Selenium WebDriver, test automation, Selenium, SQL, API testing, test planning, presentation, CI/CD, Cypress",QA Automation Engineer,Medium
"feature engineering, time management, LLM, keras, RNN, deep learning, machine learning, python, scikit-learn, OpenCV, teamwork, pandas",AI/ML Engineer,Medium
"data structures, Linux, SQL, communication, Git, design patterns, performance profiling, code review, C++, scrum, memory management",Software Engineer,Medium
"Pytest, Cypress, chaos testing, Selenium, Docker, Python, SQL, test planning",QA Automation Engineer,Medium
"Jira, scrum, SPI, RTOS, UART, power optimization, C++, debugging, microcontrollers, safety-critical systems, firmware",Embedded Systems Engineer,Medium
"Python, Cucumber, Selenium, test automation, CI/CD, Git, test planning, SQL, agile",QA Automation Engineer,Medium
"on-call, AWS, ELK stack, Go, Grafana, Kubernetes, incident management, Linux",Site Reliability Engineer,Hard
"data cleaning, reporting, ETL, SQL, pivot tables, Tableau, Excel",Data Analyst,Easy
"scrum, firewalls, time management, zero trust, threat intelligence, threat detection, Nmap, penetration testing, red teaming, cryptography, vulnerability assessment, Linux, network security",Cybersecurity Analyst,Hard
"data wrangling, statistics, SQL, Spark, python, numpy, matplotlib, Hadoop, Jupyter",Data Scientist,Medium
"Jira, model evaluation, pandas, neural networks, python, OpenCV, scikit-learn, huggingface, distributed training, feature engineering, RNN, machine learning, communication",AI/ML Engineer,Medium
"VPC, Kubernetes, AWS, multi-cloud, load balancing, Azure, leadership, communication, Linux, cloud architecture, IAM, GCP",Cloud Engineer,Hard
"feature selection, numpy, hypothesis testing, PostgreSQL, classification, Confluence, MySQL, SQL, documentation, seaborn, statistics, database queries, data wrangling, Jupyter",Data Scientist,Easy
"FreeRTOS, SPI, RTOS, Linux kernel, GPIO, Python, VHDL, real-time operating system, C++, ARM, microcontrollers, scrum",Embedded Systems Engineer,Medium
"cryptography, Truffle, Web3.js, Rust, Ethereum, Cosmos SDK, Go",Blockchain Developer,Hard
"Git, Linux, code review, debugging, C++, problem solving, compiler design, Java",Software Engineer,Medium
"Nmap, Linux, threat detection, incident response, network security, OWASP, firewalls, Wireshark, compliance, vulnerability assessment",Cybersecurity Analyst,Easy
"Sketch, Adobe XD, wireframing, interaction design, prototyping, usability testing, Figma design, time management, communication, CSS, information architecture, Figma, UI design tool",UI/UX Designer,Easy
"debugging, design patterns, data structures, object oriented, system design, object-oriented programming, OOP, Git, unit testing",Software Engineer,Easy
"REST API, PostgreSQL, JWT, server-side development, authentication, Redis, SQL, Git",Backend Developer,Medium
"documentation, design tokens, wireframing, HTML, information architecture, user research, design systems, eye tracking, prototyping, Adobe XD, CSS, Figma, usability testing",UI/UX Designer,Medium
"iOS, TypeScript, Kotlin, REST API, mobile UI, Git, Android, Dart",Mobile App Developer,Easy
"documentation, python, tensorflow, pandas, MLOps, huggingface, scrum, LLM, OpenCV, computer vision",AI/ML Engineer,Medium
"serverless, AWS, load balancing, S3, EC2, cost optimization, VPC, cloud architecture, CDN",Cloud Engineer,Hard
"compliance, vulnerability assessment, threat detection, Linux, forensics, firewalls, exploit development, SOC, Wireshark",Cybersecurity Analyst,Medium
"Rust, OOP, code review, object oriented, leadership, unit testing, system design, Go, object-oriented programming, Confluence, Java, SQL, Git",Software Engineer,Medium
"hypothesis testing, seaborn, regression, python, classification, statistics, SQL, A/B testing, data wrangling",Data Scientist,Medium
"FreeRTOS, oscilloscope, I2C, microcontrollers, ARM, RTOS, real-time operating system, UART, C++, GPIO",Embedded Systems Engineer,Easy
"JavaScript, GraphQL, React, performance optimization, TypeScript, presentation, PostgreSQL, REST API, Git, MongoDB",Full Stack Developer,Medium
"CI/CD, JUnit, Selenium, test planning, Pact, Pytest, Python",QA Automation Engineer,Medium
"serverless, load balancing, cloud architecture, Lambda, AWS, Amazon Web Services, networking, Amazon cloud, Terraform, IAM",Cloud Engineer,Medium
"ELK stack, capacity planning, Linux, SLO/SLA, Git, service level objectives, documentation, Go, Python, Docker, reliability targets, distributed tracing, presentation",Site Reliability Engineer,Hard
"EC2, Amazon Web Services, presentation, load balancing, networking, Pulumi, Amazon cloud, AWS, SLA design, S3, Kubernetes, Docker, cloud architecture",Cloud Engineer,Hard
"Docker, Git, FinOps, Python, Jenkins, service mesh, Ansible, Linux, Grafana, Terraform",DevOps Engineer,Medium
"prototyping, design systems, user research, information architecture, Jira, service design, wireframing, usability testing, Confluence, Sketch, low-fidelity design, wireframes",UI/UX Designer,Medium
"app store deployment, TypeScript, Git, Kotlin, Firebase, JavaScript, iOS, React Native, mobile UI, REST API, native modules, Swift",Mobile App Developer,Medium
"data structures, SQL, performance profiling, algorithms, problem solving, design patterns, C++, unit testing, Python",Software Engineer,Medium
"JavaScript, Git, CSS, agile, HTML, PostgreSQL, Docker, time management, MongoDB",Full Stack Developer,Easy
"system design, data structures, communication, Linux, Git, debugging, code review, leadership, SQL",Software Engineer,Easy
"Jenkins, Confluence, continuous deployment, Istio, agile, Git, Linux, continuous integration, automation, Python, pipeline, Grafana, CI/CD, Bash scripting",DevOps Engineer,Medium
"HTML, Next.js, CSS, React, Git, AWS, JavaScript, CI/CD, MongoDB, presentation, GraphQL",Full Stack Developer,Medium
"NFT, MEV, Confluence, Ethereum, DeFi, Hardhat, Solidity, Web3.js",Blockchain Developer,Medium
"presentation, ETL, reporting, Tableau, data visualization, dashboard design, data cleaning",Data Analyst,Easy
"Sketch, usability testing, wireframing, Figma, prototyping, Figma design, information architecture, accessibility, CSS, user research, UI design tool",UI/UX Designer,Easy
"Rust, Cosmos SDK, Hardhat, Confluence, Ethereum, DeFi, Layer 2, cryptography, Web3.js, consensus algorithms, JavaScript",Blockchain Developer,Hard
"HTML, Redux, teamwork, Confluence, JavaScript, GraphQL, PostgreSQL, REST API, Node.js, TypeScript, AWS, CSS, MongoDB",Full Stack Developer,Medium
"huggingface, model quantization, pytorch, scikit-learn, machine learning, pandas, torch, python, deep learning, keras, PyTorch",AI/ML Engineer,Medium
"object-oriented programming, object oriented, OOP, Git, system design, SQL, data structures, problem solving, unit testing, Linux, Python, Jira",Software Engineer,Easy
"Google Cloud, Docker, presentation, networking, S3, VPC, EC2, Lambda, GCP, Linux, cloud architecture, Google Cloud Platform",Cloud Engineer,Easy
"Firebase, REST API, React Native, Redux, Bluetooth, Android, Dart, Swift, ARKit, JavaScript, mobile UI",Mobile App Developer,Medium
"UART, C, GPIO, teamwork, Linux kernel, FreeRTOS, ARM, C++, Python",Embedded Systems Engineer,Easy
"threat detection, SOC, Python, penetration testing, Linux, compliance, scrum",Cybersecurity Analyst,Easy
"Azure, cloud architecture, networking, leadership, CDN, AWS, Docker",Cloud Engineer,Medium
"Docker, FastAPI, authentication, REST API, Node.js, SQL",Backend Developer,Easy
"design tokens, wireframing, Sketch, user research, Framer, information architecture, CSS, prototyping",UI/UX Designer,Medium
"Web3, Truffle, DeFi, Solidity, Jira, Web3.js, smart contract language, web3, smart contracts, teamwork, Ethereum, cross-chain bridges, consensus algorithms, DAO governance",Blockchain Developer,Medium
"test automation, BDD, Cypress, test planning, CI/CD, time management, Selenium, API testing, communication, Git, Python",QA Automation Engineer,Medium
"python, Jupyter, pandas, feature selection, regression, communication, Bayesian statistics, seaborn, SQL, statistics, A/B testing",Data Scientist,Medium
"problem solving, code review, C++, presentation, unit testing, Python, algorithms",Software Engineer,Easy
"Linux, Bash scripting, Python, Grafana, AWS, CI/CD, Docker, Git, GitOps, Prometheus",DevOps Engineer,Hard
"Confluence, vulnerability assessment, network security, communication, firewalls, Wireshark, SIEM",Cybersecurity Analyst,Easy
"Google Flutter, teamwork, Dart, React Native, Flutter/Dart, Android, REST API, Flutter, mobile UI, Jira, push notifications",Mobile App Developer,Medium
"communication, MongoDB, NoSQL, Mongo, Next.js, Docker, Git, JWT, OAuth, HTML, teamwork, React",Full Stack Developer,Medium
"documentation, Git, Swift, Flutter/Dart, Dart, iOS, React Native, REST API, Firebase, cross-platform mobile, Google Flutter, RN, Flutter",Mobile App Developer,Easy
"Truffle, presentation, Hardhat, smart contracts, documentation, Web3.js, cross-chain bridges, Cosmos SDK, NFT, Solidity, smart contract language",Blockchain Developer,Medium
"BDD, test planning, JUnit, Selenium, Pact, Docker, Pytest, Cypress, Cucumber",QA Automation Engineer,Medium
"Terraform, Git, Bash scripting, Jenkins, Docker, GitOps, CI/CD, Linux, agile",DevOps Engineer,Medium
"Wireshark, threat detection, threat intelligence, firewalls, incident response, cryptography, compliance, Linux, network security",Cybersecurity Analyst,Medium
"reporting, data visualization, data cleaning, Excel, SQL, pivot tables, Google Sheets",Data Analyst,Easy
"HTML, user research, Figma, information architecture, eye tracking, CSS, wireframing, Adobe XD, Sketch",UI/UX Designer,Medium
"leadership, Excel, data modeling, SQL, dashboard design, Power BI, Python, data visualization, presentation",Data Analyst,Medium
"data cleaning, SQL, Tableau, ETL, communication, Snowflake, Google Sheets, window functions, pivot tables, reporting",Data Analyst,Medium
"networking, Lambda, Kubernetes, time management, documentation, cloud security, AWS, Azure, load balancing, Docker, VPC",Cloud Engineer,Hard
"Solidity, Truffle, Ethereum, time management, Hardhat, smart contracts, consensus algorithms, JavaScript, NFT",Blockchain Developer,Easy
"algorithms, C++, SQL, OOP, object oriented, data structures, object-oriented programming, unit testing, Java, Jira, time management",Software Engineer,Easy
"Git, Firebase, Redux, TypeScript, React Native, iOS, offline-first",Mobile App Developer,Medium
"smart contracts, cryptography, Jira, Substrate, Go, Web3.js, Ethereum, Solidity, DeFi",Blockchain Developer,Medium
"object-oriented programming, unit testing, system design, object oriented, algorithms, C++, Git, debugging, Python, OOP, problem solving, code review",Software Engineer,Easy
"Verilog, oscilloscope, agile, Linux kernel, I2C, presentation, microcontrollers, C++, C, GPIO, FreeRTOS",Embedded Systems Engineer,Medium
"CSS, Redux, leadership, JavaScript, OAuth, HTML, React, microservices, Docker, REST API, GraphQL",Full Stack Developer,Medium
"clustering, feature selection, Jira, python, classification, matplotlib, pandas, agile, hypothesis testing",Data Scientist,Easy
"Flutter, Android, Jira, TypeScript, JavaScript, React Native, Bluetooth",Mobile App Developer,Medium
"R, SQL, Hadoop, Jupyter, statistics, regression, forecasting, numpy, A/B testing, classification, seaborn, scikit-learn",Data Scientist,Hard
"Git, Cucumber, contract testing, JMeter, Python, test automation, agile, scrum, SQL, test planning, BDD",QA Automation Engineer,Medium
"automation, communication, monitoring, AWS, CI/CD, Jenkins, presentation, Ansible, continuous integration, Python, continuous deployment, chaos engineering, pipeline, Docker",DevOps Engineer,Hard
"Sketch, UI design tool, user research, user flows, Figma design, wireframing, Adobe XD, motion design, prototyping, Figma",UI/UX Designer,Medium
"Python, reporting, Power BI, dashboard design, data visualization, Excel, agile, SQL, business intelligence, pivot tables",Data Analyst,Easy
"algorithms, problem solving, OOP, SQL, Java, C++, code review, Git",Software Engineer,Easy
"time management, cross-chain bridges, Ethereum, JavaScript, IPFS, smart contracts, Go, consensus algorithms, Layer 2",Blockchain Developer,Hard
"SIEM, Linux, teamwork, security information and event management, penetration testing, Nmap, cryptography, threat detection",Cybersecurity Analyst,Easy
"consensus algorithms, cryptography, smart contracts, JavaScript, NFT, IPFS, Ethereum, Web3.js",Blockchain Developer,Easy
"data modeling, Power BI, data visualization, reporting, Python, Metabase, SQL, pivot tables, Excel, documentation, Confluence, data cleaning, KPI tracking, advanced SQL, dashboard design",Data Analyst,Hard
"agile, seaborn, presentation, SQL, Hadoop, R, python, hypothesis testing, feature selection, regression, A/B testing",Data Scientist,Hard
"Terraform, AWS, time management, CI/CD, Git, Ansible, Grafana, Helm, Kubernetes, Bash scripting",DevOps Engineer,Hard
"scikit-learn, numpy, machine learning, deep learning, feature engineering, communication, tensorflow, transformers, agile, pandas, RLHF",AI/ML Engineer,Medium
"Pulumi, S3, VPC, multi-cloud, GCP, Linux, Kubernetes, IAM, networking",Cloud Engineer,Hard
"RNN, computer vision, LSTM, machine learning, model evaluation, transformers, numpy, time management, pandas, feature engineering",AI/ML Engineer,Easy
"TypeScript, HTML, Docker, performance optimization, presentation, REST API, Redux, JavaScript, Git",Full Stack Developer,Medium
"cryptography, penetration testing, Linux, firewalls, network security, compliance, threat intelligence, SIEM, pen testing, Wireshark, OWASP, ethical hacking, documentation",Cybersecurity Analyst,Medium
"I2C, C, SPI, VHDL, firmware, ARM, teamwork, Python, leadership, FreeRTOS, debugging",Embedded Systems Engineer,Medium
"transformers, scikit-learn, MLOps, keras, machine learning, OpenCV",AI/ML Engineer,Medium
"Google Sheets, advanced SQL, pivot tables, Excel, BigQuery, Tableau, data cleaning, data visualization",Data Analyst,Medium
"accessibility, user flows, usability testing, wireframing, user research, prototyping, interaction design, HTML, CSS",UI/UX Designer,Easy
"HTML, user research, motion design, design systems, usability testing, service design, user flows, accessibility, Figma",UI/UX Designer,Medium
"Layer 2, Cosmos SDK, Truffle, JavaScript, Solidity, Web3.js, Web3, web3, MEV, IPFS, Ethereum",Blockchain Developer,Hard
"Confluence, toil reduction, Linux, Grafana, Docker, ELK stack, capacity planning, Python",Site Reliability Engineer,Medium
"time management, React, REST API, Redux, CSS, Jira, Git, Express",Full Stack Developer,Easy
"SQL, chaos testing, CI/CD, contract testing, Selenium WebDriver, Postman, k6, test planning, Selenium, BDD, API testing, Git",QA Automation Engineer,Hard
"JWT, Flask, REST API, Git, MongoDB, Django",Backend Developer,Medium
"GPIO, RTOS, Jira, C++, FreeRTOS, Linux kernel, time management, firmware, power optimization",Embedded Systems Engineer,Medium
"scikit-learn, presentation, pandas, documentation, LLM, pytorch, feature engineering, computer vision, numpy",AI/ML Engineer,Medium
"Terraform, monitoring, Jenkins, Prometheus, AWS, automation, Helm, Docker",DevOps Engineer,Medium
"neural networks, scikit-learn, pandas, feature engineering, numpy, machine learning, deep learning",AI/ML Engineer,Easy
"contract testing, chaos testing, Python, Git, Selenium, Pact, Selenium WebDriver, Cucumber, API testing, test planning",QA Automation Engineer,Hard
"DAO governance, cryptography, Rust, IPFS, agile, smart contracts, Web3.js, Solidity, consensus algorithms, Ethereum, scrum, Go",Blockchain Developer,Hard
"reporting, ETL, pivot tables, business intelligence, SQL, Jira, data cleaning, leadership, Excel, Python, data visualization",Data Analyst,Easy
"Node, MongoDB, documentation, HTML, NodeJS, presentation, TypeScript, JavaScript, Node.js, Express",Full Stack Developer,Easy
"Terraform, Linux, SRE practices, Istio, Git, automation, documentation, Python, CI/CD, monitoring, Grafana",DevOps Engineer,Hard
"GraphQL, PostgreSQL, JavaScript, Node, Git, TypeScript, NodeJS, Docker, scrum, HTML, Node.js, REST API, presentation, React",Full Stack Developer,Easy
"GPIO, UART, firmware, Linux kernel, teamwork, Python, oscilloscope, microcontrollers, ARM",Embedded Systems Engineer,Easy
"computer vision, machine learning, feature engineering, pandas, triton, CUDA, model evaluation",AI/ML Engineer,Medium
"consensus algorithms, smart contracts, Web3, Web3.js, Solidity, DeFi, Ethereum, agile, cryptography, Go, web3",Blockchain Developer,Medium
"I2C, oscilloscope, ARM, real-time operating system, FreeRTOS, Python, GPIO, FPGA, firmware, RTOS, Verilog",Embedded Systems Engineer,Medium
"Lambda, load balancing, IAM, networking, Azure, AWS, S3, Linux, VPC",Cloud Engineer,Medium
"iOS, TypeScript, communication, mobile UI, Swift, REST API, offline-first, Git, Firebase, Flutter",Mobile App Developer,Medium
"offline-first, Kotlin, iOS, native modules, JavaScript, Git, REST API, Flutter",Mobile App Developer,Medium
"problem solving, SQL, C++, communication, Java, data structures, agile, debugging, code review",Software Engineer,Easy
"Confluence, Cypress, BDD, JMeter, contract testing, CI/CD, test automation, test planning, Git, API testing, Jira",QA Automation Engineer,Hard
"scikit-learn, pandas, seaborn, statistics, data wrangling, causal inference, Jupyter, communication",Data Scientist,Medium
"TypeScript, mobile UI, Android, push notifications, JavaScript, app store deployment, iOS",Mobile App Developer,Medium
"MongoDB, database optimization, Python, PostgreSQL, server-side development, Django, REST API, Git, teamwork, authentication",Backend Developer,Medium
"microservices, MongoDB, Docker, server-side development, FastAPI, Python, REST API, SQL",Backend Developer,Medium
"test planning, BDD, Playwright, Docker, Python, JMeter, Postman, test automation, k6, SQL",QA Automation Engineer,Hard
"Go, IPFS, JavaScript, time management, consensus algorithms, DAO governance, smart contracts, Substrate, Solidity, Rust, teamwork, Ethereum, NFT",Blockchain Developer,Hard
"Ethereum, Go, Web3.js, Rust, Truffle, cryptography",Blockchain Developer,Medium
"problem solving, algorithms, unit testing, system design, design patterns, concurrency, compiler design, Git, debugging, communication, Java, OOP",Software Engineer,Medium
"Selenium, Postman, JUnit, SQL, BDD, test planning, behavior-driven development, contract testing, Git, Docker",QA Automation Engineer,Medium
"firewalls, presentation, documentation, Python, Nmap, red teaming, OWASP, cryptography, threat detection, Linux, compliance",Cybersecurity Analyst,Medium
"Go, Truffle, Web3.js, presentation, consensus algorithms, NFT, documentation, Solidity, Hardhat, JavaScript",Blockchain Developer,Medium
"accessibility, CSS, user research, Figma, prototyping, wireframing, interaction design, component libraries, HTML, agile",UI/UX Designer,Medium
"unit testing, code review, system design, Jira, design patterns, memory management, algorithms, SQL, Java, data structures, documentation",Software Engineer,Medium
"RabbitMQ, authentication, REST API, PostgreSQL, server-side development, presentation, microservices, Git, Django, Python, Docker, MongoDB",Backend Developer,Medium
"design tokens, Jira, usability testing, Figma, CSS, wireframing, user research, Framer, user flows, Adobe XD",UI/UX Designer,Medium
"Flutter, Android, ARKit, Git, mobile UI, iOS, Dart, Redux, Firebase, JavaScript",Mobile App Developer,Medium
"Node.js, SSR, time management, React, Express, JavaScript, Git, Redux",Full Stack Developer,Medium
"network security, cryptography, Nmap, compliance, Linux, Python, SOC, penetration testing",Cybersecurity Analyst,Easy
"Docker, k6, test automation, CI/CD, test planning, Python, Pytest, Playwright, SQL, BDD, Selenium, Postman",QA Automation Engineer,Hard
"SQL, problem solving, Linux, Java, algorithms, agile, unit testing, design patterns, data structures, OOP",Software Engineer,Easy
"SQL, authentication, time management, leadership, MongoDB, Python, Django, Node.js",Backend Developer,Easy
"mobile UI, Kotlin, Redux, Flutter, JavaScript, Bluetooth, Swift, React Native, communication, Git, iOS, time management, Android",Mobile App Developer,Medium
"python, matplotlib, Confluence, Jupyter, hypothesis testing, scikit-learn, communication, statistics, classification, regression, causal inference",Data Scientist,Medium
"documentation, SQL, statistics, clustering, pandas, scikit-learn, agile, A/B testing",Data Scientist,Medium
"penetration testing, incident response, compliance, Wireshark, vulnerability assessment, security information and event management, network security, SIEM, firewalls, Linux, threat detection",Cybersecurity Analyst,Easy
"prototyping, HTML, accessibility, Figma, user research, interaction design, user flows, Sketch",UI/UX Designer,Easy
"HTML, Node.js, SSR, NodeJS, OAuth, GraphQL, Docker, Next.js, leadership, PostgreSQL, WebSockets, Node, REST API, teamwork",Full Stack Developer,Hard
"Pact, test automation, chaos testing, CI/CD, documentation, Docker, Cypress, test planning, Cucumber, JUnit, contract testing, Python",QA Automation Engineer,Hard
"regression, data wrangling, statistics, SQL, pandas, Jupyter",Data Scientist,Easy
"presentation, TypeScript, Redux, JavaScript, GraphQL, Express, leadership, Git, REST API, React",Full Stack Developer,Easy
"Kubernetes, JavaScript, SSR, OAuth, Git, Docker, Next.js, REST API, Node.js",Full Stack Developer,Hard
"Linux, Ansible, Git, Jenkins, Docker, teamwork, Istio, monitoring, Kubernetes, agile, Prometheus",DevOps Engineer,Medium
"networking, time management, Linux, agile, cloud architecture, Kubernetes, load balancing, Terraform",Cloud Engineer,Medium
"leadership, Linux, Terraform, toil reduction, Prometheus, observability, Git, Python, Docker, SLO/SLA",Site Reliability Engineer,Medium
"usability testing, design systems, teamwork, Jira, interaction design, component libraries, prototyping, user research, Sketch, HTML",UI/UX Designer,Medium
"Truffle, IPFS, Ethereum, Go, Web3.js",Blockchain Developer,Medium
"React Native, mobile UI, iOS, Android, time management, Bluetooth, agile, Firebase, offline-first",Mobile App Developer,Medium
"SPI, Linux kernel, power optimization, I2C, FPGA, C, real-time operating system, GPIO, debugging, RTOS, oscilloscope",Embedded Systems Engineer,Medium
"real-time operating system, C, debugging, bootloader development, RTOS, microcontrollers, leadership, I2C, Linux kernel, C++",Embedded Systems Engineer,Medium
"SQL, communication, ETL, Excel, data visualization, reporting, dashboard design, data cleaning, Power BI",Data Analyst,Easy
"incident management, Python, reliability targets, SLO/SLA, Git, Docker, Terraform, presentation, AWS, service level objectives, Kubernetes, Go",Site Reliability Engineer,Hard
"pandas, numpy, machine learning, model evaluation, pytorch, scikit-learn, OpenCV, transformers, feature engineering",AI/ML Engineer,Easy
"user flows, service design, interaction design, accessibility, user research, Figma, usability testing, wireframing, information architecture",UI/UX Designer,Medium
"Git, Dart, Swift, JavaScript, TypeScript, Kotlin, REST API, React Native, iOS, communication, mobile UI",Mobile App Developer,Easy
"AWS, Python, Ansible, automation, Git, monitoring",DevOps Engineer,Medium
"algorithms, Git, memory management, code review, problem solving, Linux, concurrency, unit testing, Go",Software Engineer,Hard
"zero trust, compliance, threat detection, vulnerability assessment, Python, threat intelligence, Wireshark, CVE research, SOC, network security, Linux, firewalls",Cybersecurity Analyst,Hard
"leadership, Docker, agile, Linux, load balancing, IAM, cloud architecture, CDN",Cloud Engineer,Easy
"SIEM, exploit development, firewalls, Nmap, penetration testing, OWASP, Wireshark, SOC, Confluence, Linux",Cybersecurity Analyst,Medium
"dashboard design, SQL, Google Sheets, data visualization, Excel, Looker, pivot tables, ETL, time management, reporting, Power BI, Tableau, leadership",Data Analyst,Medium
"communication, fast api, Flask, FastAPI, server-side development, Redis, database optimization, REST API, Git, Python, Python API, documentation, MongoDB, Django",Backend Developer,Medium
"numpy, RLHF, neural networks, machine learning, Confluence, python, RNN, model evaluation, feature engineering",AI/ML Engineer,Medium
"JavaScript, communication, CSS, leadership, GraphQL, Git, HTML, REST API, Docker",Full Stack Developer,Easy
"Go, observability, runbooks, Elasticsearch Logstash Kibana, Linux, toil reduction, Docker, ELK, scrum, Git, ELK stack, Python",Site Reliability Engineer,Medium
"microcontrollers, oscilloscope, ARM, AUTOSAR, ARM architecture, VHDL, I2C, ARM Cortex, firmware, agile, SPI, bootloader development, Jira",Embedded Systems Engineer,Hard
"Docker, MongoDB, NodeJS, Node.js, React, Mongo, Node, TypeScript, REST API, NoSQL, CSS, JavaScript, time management, Git, OAuth, CI/CD",Full Stack Developer,Medium
"convolutional neural network, deep learning, Confluence, python, pandas, documentation, diffusion models, CNN, LSTM, image classification, huggingface",AI/ML Engineer,Medium
"presentation, agile, Redis, fast api, authentication, Python, FastAPI, Python API, Flask, Git, Django REST framework, Django, SQL",Backend Developer,Easy
"Prometheus, reliability targets, Docker, Python, service level objectives, chaos engineering, SLO/SLA, teamwork, runbooks, time management",Site Reliability Engineer,Medium
"A/B testing, interaction design, Adobe XD, prototyping, user flows, design systems, eye tracking, Figma, HTML",UI/UX Designer,Medium
"scrum, agile, load balancing, S3, Terraform, Azure, cloud architecture, IAM, Lambda",Cloud Engineer,Easy
"Swift, TypeScript, Confluence, native modules, offline-first, Dart, React Native, Git, JavaScript, Flutter, Android, mobile UI",Mobile App Developer,Medium
"server-side development, Kafka, REST API, caching strategies, Docker, Redis, Confluence, Git, leadership, FastAPI",Backend Developer,Medium
"Git, API testing, test planning, CI/CD, SQL, test automation, Python, Postman, Selenium, JUnit, visual regression, Selenium WebDriver",QA Automation Engineer,Medium
"OWASP, red teaming, threat detection, presentation, Confluence, compliance, Python, Linux",Cybersecurity Analyst,Medium
"HTML, CSS, Express, Docker, TypeScript, REST API",Full Stack Developer,Easy
"problem solving, Git, documentation, unit testing, system design, data structures, distributed systems, Go, SQL, object-oriented programming, OOP, object oriented, Python, C++",Software Engineer,Medium
"malware analysis, scrum, SIEM, leadership, firewalls, vulnerability assessment, compliance, Python, incident response, Nmap, threat detection, network security, Linux",Cybersecurity Analyst,Medium
"interaction design, usability testing, prototyping, user research, wireframing, CSS, Figma",UI/UX Designer,Easy
"smart contracts, communication, Cosmos SDK, NFT, consensus algorithms, DeFi, Hardhat, Ethereum, IPFS, cryptography, leadership",Blockchain Developer,Medium
"Python, Git, FastAPI, Django, PostgreSQL, JWT, database optimization, Flask, MongoDB",Backend Developer,Medium
"AWS, Kubernetes, Docker, Linux, Bash scripting, Prometheus, agile, Grafana, service mesh",DevOps Engineer,Hard
"iOS, Flutter/Dart, Git, JavaScript, Dart, Flutter, Google Flutter, performance optimization, mobile UI, Redux, React Native",Mobile App Developer,Medium
"presentation, Linux, Azure, VPC, Docker, Terraform, Amazon Web Services, Amazon cloud, load balancing, AWS, IAM, CDN, communication",Cloud Engineer,Medium
"SQL, Python, Google Sheets, data cleaning, business intelligence, data visualization, ETL, dashboard design, advanced SQL, leadership, reporting",Data Analyst,Medium
"VPC, communication, load balancing, Lambda, cloud architecture, Amazon Web Services, networking, GCP, AWS, IAM, Amazon cloud, Azure",Cloud Engineer,Medium
"Spark, Confluence, documentation, matplotlib, numpy, pandas, regression, classification, hypothesis testing, statistics, Jupyter, python",Data Scientist,Medium
"data visualization, KPI tracking, Google Sheets, Python, Tableau, pivot tables, reporting, ETL, Excel, Jira",Data Analyst,Easy
"API testing, test planning, Pytest, Cypress, Git, chaos testing, Python, Cucumber",QA Automation Engineer,Medium
"I2C, FreeRTOS, C, Linux kernel, Confluence, GPIO, debugging, oscilloscope, RTOS, microcontrollers, VHDL",Embedded Systems Engineer,Medium
"documentation, python, Airflow, feature selection, regression, SQL, classification, numpy, statistics, causal inference",Data Scientist,Medium
"Web3.js, MEV, Go, cryptography, consensus algorithms, DeFi, Hardhat, Ethereum, Solidity, Rust, smart contracts",Blockchain Developer,Hard
"Git, Python, time management, code review, Rust, communication, Java, problem solving, algorithms, OOP",Software Engineer,Medium
"Google Cloud Platform, networking, IAM, Terraform, Kubernetes, cost optimization, VPC, Amazon cloud, GCP, Amazon Web Services, Lambda, Google Cloud, AWS, S3",Cloud Engineer,Hard
"Git, capacity planning, Jira, SLO/SLA, on-call, observability, Go, Terraform",Site Reliability Engineer,Medium
"AWS, runbooks, capacity planning, Grafana, OpenTelemetry, Python, observability",Site Reliability Engineer,Hard
"FastAPI, microservices, Docker, caching strategies, Flask, Python, authentication, communication, MongoDB, SQL",Backend Developer,Medium
"Cucumber, Postman, BDD, test planning, presentation, Python, SQL, Git, Selenium, Docker, documentation, test automation",QA Automation Engineer,Easy
"I2C, DSP, microcontrollers, communication, RTOS, presentation, firmware, FreeRTOS, Python, FPGA, GPIO, debugging",Embedded Systems Engineer,Medium
"JavaScript, iOS, Kotlin, push notifications, TypeScript, Android, Git, React Native",Mobile App Developer,Medium
"user research, usability testing, prototyping, scrum, Adobe XD, HTML, agile, wireframing",UI/UX Designer,Easy
"Flutter, mobile UI, Swift, Kotlin, Redux, JavaScript, native modules, Dart",Mobile App Developer,Medium
"Ethereum, Truffle, Solidity, smart contracts, communication, Web3.js, NFT, consensus algorithms, scrum, Go, cryptography",Blockchain Developer,Medium
"app store deployment, time management, TypeScript, Confluence, Bluetooth, Git, REST API, Swift, JavaScript, Redux, Android, Dart, React Native, push notifications",Mobile App Developer,Hard
"Go, OOP, debugging, object oriented, distributed systems, system design, Jira, object-oriented programming, data structures, design patterns, algorithms, communication, Linux",Software Engineer,Medium
"cryptography, Python, SOC, communication, time management, Nmap, threat detection, firewalls, compliance",Cybersecurity Analyst,Easy
"TypeScript, RN, native modules, Firebase, React Native, scrum, cross-platform mobile, Swift, iOS, REST API, offline-first, Git, Flutter",Mobile App Developer,Medium
"neural networks, huggingface, numpy, scikit-learn, diffusion models, feature engineering, agile, RLHF, time management, transformers, ONNX, pandas",AI/ML Engineer,Hard
"design tokens, design systems, wireframing, component libraries, interaction design, prototyping, wireframes, Framer, accessibility, user flows, usability testing, low-fidelity design",UI/UX Designer,Hard
"scrum, cryptography, consensus algorithms, tokenomics, Web3.js, IPFS, Go, Rust, Ethereum, DeFi, smart contracts",Blockchain Developer,Hard
"agile, feature engineering, model evaluation, numpy, pandas, transformers, machine learning",AI/ML Engineer,Easy
"Docker, AWS, Jenkins, Bash scripting, scrum, Git, Prometheus, Terraform, Grafana",DevOps Engineer,Medium
"Selenium, JUnit, Pytest, JMeter, SQL, contract testing, scrum, CI/CD, Confluence, test automation, test planning",QA Automation Engineer,Hard
"JWT, caching strategies, Flask, FastAPI, server-side development, communication, Docker, SQL, REST API",Backend Developer,Medium
"scikit-learn, computer vision, ONNX, communication, python, transformers, CNN",AI/ML Engineer,Medium
"teamwork, pytorch, NLP, tensorflow, scikit-learn, agile, numpy, python, pandas, feature engineering",AI/ML Engineer,Easy
"safety-critical systems, DSP, microcontrollers, C++, Python, teamwork, firmware, GPIO, oscilloscope, leadership",Embedded Systems Engineer,Medium
"presentation, Grafana, runbooks, incident management, on-call, AWS, SLO/SLA, observability, Linux, ELK stack",Site Reliability Engineer,Medium
"AWS, Docker, load balancing, Amazon cloud, CDN, time management, cloud security, SLA design, S3, Azure, IAM, Linux, Amazon Web Services, VPC",Cloud Engineer,Hard
"presentation, cloud security, networking, S3, IAM, Pulumi, Linux, GCP, cloud architecture, Docker",Cloud Engineer,Medium
"Python, data structures, memory management, debugging, code review, algorithms, system design",Software Engineer,Medium
"cloud security, networking, Terraform, VPC, EC2, cloud architecture, Kubernetes",Cloud Engineer,Medium
"scrum, pivot tables, leadership, Excel, PowerBI, Power BI, data cleaning, reporting, Microsoft Power BI, KPI tracking",Data Analyst,Easy
"Go, Linux, presentation, documentation, Kubernetes, SLO/SLA, incident management, observability, AWS",Site Reliability Engineer,Hard
"data wrangling, numpy, dbt, pandas, classification, python, statistics, matplotlib, hypothesis testing",Data Scientist,Medium
"Express, documentation, presentation, Next.js, PostgreSQL, ReactJS, REST API, React, CSS, React.js",Full Stack Developer,Easy
"mobile UI, REST API, documentation, Git, Firebase, presentation, Kotlin, React Native, push notifications, JavaScript",Mobile App Developer,Medium
"MySQL, A/B testing, database queries, hypothesis testing, documentation, forecasting, PostgreSQL, regression, Bayesian statistics, Jupyter, statistics, presentation, pandas, data wrangling, SQL",Data Scientist,Hard
"Solidity, smart contracts, Web3.js, DeFi, MEV, NFT, cryptography, Hardhat, Go, Ethereum, consensus algorithms",Blockchain Developer,Medium
"Power BI, Excel, SQL, pivot tables, Looker, presentation, reporting, data modeling, ETL, data cleaning, KPI tracking",Data Analyst,Medium
"Git, mobile UI, Bluetooth, Confluence, Google Flutter, Firebase, performance optimization, iOS, Android, Flutter/Dart, Flutter, REST API, Swift, React Native",Mobile App Developer,Medium
"Ethereum, Rust, JavaScript, NFT, Web3.js, smart contracts",Blockchain Developer,Medium
"AWS, Linux, Git, Python, toil reduction, error budgets, presentation, on-call, Terraform",Site Reliability Engineer,Hard
"data visualization, reporting, Tableau Server, SQL, Tableau Desktop, Excel, Power BI, presentation, KPI tracking, Tableau",Data Analyst,Easy
"Selenium WebDriver, SQL, Cypress, leadership, API testing, Selenium, Python",QA Automation Engineer,Easy
"test automation, leadership, CI/CD, Cypress, API testing, behavior-driven development, BDD, Selenium, JUnit, scrum, performance testing, test planning",QA Automation Engineer,Medium
"HTML, MongoDB, leadership, REST API, Kubernetes, GraphQL, Redux, PostgreSQL, Node.js",Full Stack Developer,Medium
"mobile UI, React Native, Flutter, Redux, Flutter/Dart, leadership, Google Flutter, documentation, Kotlin",Mobile App Developer,Easy
"REST API, authentication, Docker, gRPC, Python, microservices, Flask, time management",Backend Developer,Medium
"dashboard design, Python, teamwork, Excel, business intelligence, data cleaning, reporting, Google Sheets, Tableau",Data Analyst,Easy
"Python, Nmap, network security, OWASP, Linux, vulnerability assessment, threat intelligence, threat detection, penetration testing, firewalls, Wireshark",Cybersecurity Analyst,Medium
"MongoDB, server-side development, agile, authentication, Flask, Python, SQL, Kafka, Redis, Confluence",Backend Developer,Medium
"data visualization, teamwork, advanced SQL, Excel, leadership, Python, SQL, pivot tables, dashboard design, Metabase, reporting",Data Analyst,Medium
"OWASP, SOC, zero trust, firewalls, cryptography, Python, compliance, vulnerability assessment, threat detection",Cybersecurity Analyst,Medium
"threat detection, zero trust, Python, incident response, malware analysis, penetration testing, firewalls, Linux, cryptography",Cybersecurity Analyst,Medium
"PostgreSQL, MySQL, database queries, numpy, matplotlib, data wrangling, pandas, Jupyter, statistics, SQL, leadership, classification, regression, time management",Data Scientist,Easy
"SQL, Excel, Metabase, Python, reporting, data visualization, ETL, dashboard design, Looker, Google Sheets, business intelligence",Data Analyst,Medium
"UI design tool, Jira, wireframing, design systems, user research, information architecture, Sketch, CSS, Figma design, Figma, Confluence",UI/UX Designer,Easy
"Dart, performance optimization, ARKit, Git, Flutter, Google Flutter, REST API, documentation, mobile UI, Swift, native modules, Flutter/Dart, leadership, JavaScript, iOS, Android",Mobile App Developer,Hard
"service mesh, Ansible, AWS, Jira, Istio, leadership, Terraform, Python, Kubernetes, Prometheus, Linux, Docker",DevOps Engineer,Hard
"system design, SQL, algorithms, problem solving, data structures, unit testing",Software Engineer,Easy
"data visualization, dashboard design, Tableau, KPI tracking, advanced SQL, agile, reporting, time management",Data Analyst,Medium
"Terraform, Prometheus, incident management, Go, AWS, Confluence, leadership, observability",Site Reliability Engineer,Medium
"C++, communication, distributed systems, OOP, Linux, Git, concurrency, Rust, problem solving, data structures, debugging",Software Engineer,Hard
"Python, Wireshark, zero trust, firewalls, teamwork, network security, cryptography, Linux, threat detection",Cybersecurity Analyst,Medium
"Figma, information architecture, prototyping, Framer, Adobe XD, user research, usability testing, Sketch, interaction design, user flows",UI/UX Designer,Medium
"Swift, Kotlin, Git, iOS, Confluence, TypeScript, JavaScript, REST API",Mobile App Developer,Easy
"Tableau, reporting, Python, Excel, dashboard design, SQL, KPI tracking, Snowflake, Power BI, dbt, data cleaning",Data Analyst,Medium
"torch, python, PyTorch, model evaluation, keras, pytorch, machine learning, OpenCV, Jira, scikit-learn, pandas, scrum",AI/ML Engineer,Easy
"SQL, Git, API testing, Postman, Pact, agile, test automation, Python",QA Automation Engineer,Medium
"AWS, Jaeger, Linux, incident management, Prometheus, observability, time management, on-call",Site Reliability Engineer,Medium
"Python, Git, Selenium, test planning, SQL, Docker",QA Automation Engineer,Easy
"Jira, A/B testing, matplotlib, SQL, hypothesis testing, scrum, Jupyter, numpy, statistics, time series, seaborn, scikit-learn, python",Data Scientist,Medium
"monitoring, automation, AWS, Grafana, Git, continuous integration, Jenkins, continuous deployment, CI/CD, pipeline, Bash scripting",DevOps Engineer,Medium
"NFT, Truffle, DAO governance, Hardhat, Solidity, cryptography, smart contracts, JavaScript",Blockchain Developer,Medium
"Bayesian statistics, SQL, pandas, A/B testing, numpy, teamwork, clustering, Jupyter, causal inference",Data Scientist,Hard
"Kubernetes, runbooks, Git, Linux, time management, SLO/SLA, teamwork",Site Reliability Engineer,Medium
"serverless, EC2, Terraform, S3, Jira, teamwork, Kubernetes, networking, Linux, AWS, load balancing, IAM",Cloud Engineer,Hard
"Node.js, Docker, Jira, GraphQL, REST API, React, ReactJS, Express, MongoDB, JavaScript, React.js",Full Stack Developer,Easy
"Django, REST API, FastAPI, Node.js, agile, Python, server-side development, JWT, communication, Git, Redis",Backend Developer,Medium
"presentation, threat detection, malware analysis, OWASP, Python, firewalls, network security, vulnerability assessment",Cybersecurity Analyst,Medium
"React, GraphQL, HTML, JWT, communication, CSS, Next.js, OAuth, Confluence, Redux, PostgreSQL",Full Stack Developer,Medium
"ARM Cortex, C++, ARM, microcontrollers, Python, Linux kernel, VHDL, safety-critical systems, GPIO, firmware, FreeRTOS, SPI, ARM architecture",Embedded Systems Engineer,Medium
"presentation, Prometheus, monitoring, Linux, FinOps, automation, GitOps, continuous integration, continuous deployment, CI/CD, agile, Bash scripting, service mesh, Git, Terraform, pipeline, Kubernetes",DevOps Engineer,Hard
"Firebase, Jira, REST API, Git, React Native, iOS, agile, Swift, native modules",Mobile App Developer,Medium
"runbooks, teamwork, SLO/SLA, Jaeger, AWS, Prometheus, Python",Site Reliability Engineer,Medium
"Ethereum, ZK proofs, consensus algorithms, Rust, Go, Hardhat, JavaScript, teamwork, smart contracts, Solidity, documentation",Blockchain Developer,Hard
"bootloader development, C, GPIO, oscilloscope, ARM, FreeRTOS, I2C, scrum, SPI, C++, teamwork",Embedded Systems Engineer,Medium
"Linux kernel, C, FPGA, C++, microcontrollers, SPI, I2C, GPIO, FreeRTOS",Embedded Systems Engineer,Medium
"Java, code review, C++, Rust, OOP, data structures, performance profiling, Linux",Software Engineer,Medium
"oscilloscope, safety-critical systems, firmware, I2C, Linux kernel, Python, leadership, RTOS, debugging",Embedded Systems Engineer,Medium
"ArgoCD, Jenkins, Kubernetes, Docker, Istio, Python, Git, service mesh, AWS, Ansible, Terraform",DevOps Engineer,Hard
"Tableau Server, data visualization, data cleaning, Power BI, Tableau, Tableau Desktop, Google Sheets, Excel",Data Analyst,Easy
"JUnit, Git, Selenium, API testing, performance testing, Postman, Python, CI/CD, test planning",QA Automation Engineer,Medium
"CDN, Azure, Google Cloud Platform, Google Cloud, Jira, VPC, cloud architecture, Linux, EC2, presentation, GCP, IAM",Cloud Engineer,Easy
"Android, Bluetooth, Swift, native modules, mobile UI, Kotlin, Redux, Dart, JavaScript",Mobile App Developer,Medium
"Java, Git, problem solving, data structures, design patterns, system design, debugging, Linux, SQL",Software Engineer,Easy
"CI/CD, Bash scripting, SRE practices, Ansible, scrum, Prometheus, Linux, AWS, Kubernetes, monitoring",DevOps Engineer,Hard
"feature selection, statistics, python, hypothesis testing, numpy, clustering, regression, scikit-learn",Data Scientist,Easy
"Redis, REST API, Django, server-side development, Git, Python, Node.js",Backend Developer,Easy
"test planning, test automation, communication, contract testing, Pytest, Python, JUnit, API testing, Selenium, Git, Cypress, time management",QA Automation Engineer,Medium
"JWT, FastAPI, Git, MongoDB, server-side development",Backend Developer,Medium
"smart contracts, Ethereum, NFT, Truffle, consensus algorithms, DeFi, scrum, Cosmos SDK, Solidity, Web3.js, JavaScript, DAO governance",Blockchain Developer,Medium
"JUnit, Python, test automation, behavior-driven development, test planning, Selenium, BDD, k6, Selenium WebDriver, Pytest, presentation",QA Automation Engineer,Medium
"Cosmos SDK, Confluence, Hardhat, smart contracts, web3, Web3.js, JavaScript, cryptography, Solidity, consensus algorithms, Ethereum, Web3",Blockchain Developer,Medium
"CSS, user research, teamwork, Adobe XD, HTML, leadership, prototyping",UI/UX Designer,Easy
"Docker, SLO/SLA, Elasticsearch Logstash Kibana, Git, Python, observability, Go, Grafana, ELK stack, incident management, ELK",Site Reliability Engineer,Medium
"debugging, scrum, compiler design, object oriented, object-oriented programming, SQL, Rust, OOP, code review, Confluence, algorithms",Software Engineer,Medium
"transformers, Confluence, scikit-learn, ONNX, pandas, CUDA, communication, numpy, model evaluation, RNN, keras",AI/ML Engineer,Medium
"Linux, algorithms, Git, scrum, Java, performance profiling, design patterns, unit testing",Software Engineer,Medium
"Python, UART, RTOS, safety-critical systems, C, firmware, documentation, microcontrollers, I2C",Embedded Systems Engineer,Medium
"database optimization, Python, PostgreSQL, SQL, Git, caching strategies, documentation, Node.js, Django, Jira, Redis, microservices",Backend Developer,Hard
"pandas, tensorflow, OpenCV, scikit-learn, keras, NLP, python, machine learning, feature engineering",AI/ML Engineer,Easy
"Google Sheets, pivot tables, business intelligence, Excel, time management, dashboard design, SQL, Python, data cleaning",Data Analyst,Easy
"presentation, Kubernetes, observability, capacity planning, error budgets, Grafana, Docker, Linux, reliability targets, service level objectives, Terraform, time management, incident management, chaos engineering, SLO/SLA, on-call",Site Reliability Engineer,Hard
"API testing, Python, Pytest, chaos testing, test planning, Git, Selenium WebDriver, test automation, Selenium",QA Automation Engineer,Medium
"Web3.js, Go, time management, consensus algorithms, cryptography, Truffle, smart contracts, web3, NFT, JavaScript, Web3",Blockchain Developer,Medium
"Python, concurrency, C++, Rust, data structures, OOP, algorithms, code review, Linux, Go, Java, system design",Software Engineer,Hard
"TypeScript, HTML, Redux, Node, CSS, REST API, NodeJS, Express, JavaScript, Node.js, JWT",Full Stack Developer,Medium
"algorithms, SQL, code review, system design, data structures, Python, problem solving, Java, design patterns, OOP",Software Engineer,Easy
"Figma, user flows, wireframing, information architecture, Sketch, prototyping, user research, wireframes, design tokens, low-fidelity design, interaction design",UI/UX Designer,Medium
"server-side development, fast api, SQL, FastAPI, Python, REST API, leadership, PostgreSQL, Go, Node.js, Python API, Docker",Backend Developer,Medium
"ARM, RTOS, SPI, Python, I2C, UART, firmware, scrum, real-time operating system",Embedded Systems Engineer,Easy
"Redux, CSS, NoSQL, REST API, Next.js, Git, HTML, AWS, performance optimization, MongoDB, Mongo",Full Stack Developer,Medium
"Git, native modules, REST API, Redux, JavaScript, offline-first, communication, TypeScript",Mobile App Developer,Medium
"Terraform, CloudFormation, GCP, networking, Azure, cloud architecture, time management, Lambda, load balancing, AWS, cloud security, Linux",Cloud Engineer,Hard
"OOP, unit testing, Git, system design, data structures, Go, performance profiling, Python, teamwork",Software Engineer,Medium
"RNN, tensorflow, huggingface, deep learning, pandas, CNN, machine learning, pytorch",AI/ML Engineer,Easy
"Google Sheets, presentation, Tableau, communication, Power BI, data cleaning, data visualization, reporting, Python, Looker, dashboard design, window functions",Data Analyst,Medium
"Nmap, Wireshark, network security, Linux, cryptography, presentation, SIEM, firewalls, vulnerability assessment, agile, OWASP, security information and event management",Cybersecurity Analyst,Easy
"CSS, REST API, Redux, Next.js, TypeScript, JavaScript",Full Stack Developer,Easy
"Flask, Kafka, Docker, caching strategies, REST API, Django, authentication, Node.js, documentation, server-side development, MongoDB",Backend Developer,Medium
"Bayesian statistics, clustering, SQL, data wrangling, pandas, forecasting, database queries, MySQL, seaborn, statistics, PostgreSQL, feature selection, python",Data Scientist,Medium
"CI/CD, Cucumber, test planning, behavior-driven development, Jira, performance testing, Selenium, BDD, Docker, Postman, API testing",QA Automation Engineer,Medium
"tensorflow, scikit-learn, triton, python, model quantization, pandas, RNN, CUDA, LSTM, machine learning",AI/ML Engineer,Hard
"oscilloscope, bootloader development, Python, debugging, firmware, RTOS, DSP, microcontrollers, VHDL, C, UART, I2C, ARM",Embedded Systems Engineer,Hard
"accessibility, prototyping, leadership, user flows, CSS, agile, Figma, design systems, HTML, Sketch, wireframing, user research",UI/UX Designer,Easy
"DeFi, web3, Hardhat, scrum, Ethereum, Web3.js, IPFS, Solidity, Web3, communication, Truffle",Blockchain Developer,Easy
"behavior-driven development, Git, visual regression, Selenium, Python, contract testing, BDD, k6, API testing",QA Automation Engineer,Hard
"scrum, JWT, Python, PostgreSQL, SQL, FastAPI, Django, authentication",Backend Developer,Medium
"documentation, Python, Git, distributed tracing, incident management, ELK stack, AWS, Linux",Site Reliability Engineer,Medium
"MongoDB, leadership, server-side development, JWT, SQL, communication, Flask, PostgreSQL",Backend Developer,Medium
"Confluence, Hardhat, Web3.js, JavaScript, Rust, documentation, DeFi, cryptography, Ethereum, smart contracts, Solidity",Blockchain Developer,Medium
"unit testing, agile, system design, design patterns, algorithms, OOP, Go, Python, C++",Software Engineer,Medium
"TypeScript, HTML, JavaScript, PostgreSQL, Node.js, Docker, Express, MongoDB",Full Stack Developer,Easy
"numpy, regression, SQL, feature selection, statistics, pandas, database queries, PostgreSQL, time series, Spark, MySQL, data wrangling, scikit-learn",Data Scientist,Medium
"PostgreSQL, FastAPI, server-side development, SQL, Redis, Python, Confluence, presentation",Backend Developer,Easy
"data visualization, pivot tables, time management, business intelligence, Power BI, Tableau, data cleaning, Excel, reporting, Looker",Data Analyst,Medium
"python, numpy, statistics, Bayesian statistics, matplotlib, seaborn, data wrangling, Jupyter, pandas",Data Scientist,Medium
"machine learning, computer vision, tensorflow, pandas, huggingface, neural networks, python",AI/ML Engineer,Easy
"firewalls, Python, SOC, incident response, cryptography, scrum, agile, Linux, OWASP, penetration testing",Cybersecurity Analyst,Easy
"ARM, power optimization, debugging, Python, RTOS, Linux kernel, presentation, firmware, I2C, FreeRTOS, leadership",Embedded Systems Engineer,Medium
"Google Flutter, Git, Swift, native modules, time management, Flutter/Dart, Android, Flutter, REST API, Kotlin, Firebase, mobile UI",Mobile App Developer,Medium
"Docker, JUnit, Python, Postman, Pact, Git, SQL, CI/CD, Selenium, Jira, test automation, Playwright",QA Automation Engineer,Hard
"Firebase, Swift, Kotlin, Dart, agile, Git, Android, TypeScript, React Native, mobile UI, app store deployment",Mobile App Developer,Medium
"debugging, SPI, AUTOSAR, Python, FPGA, VHDL, I2C, GPIO, UART, firmware, C",Embedded Systems Engineer,Hard
"C++, performance profiling, Java, data structures, unit testing, design patterns, Linux, algorithms, time management",Software Engineer,Medium
"ARM architecture, documentation, FreeRTOS, Linux kernel, ARM, microcontrollers, time management, RTOS, ARM Cortex, C++, Python",Embedded Systems Engineer,Easy
"wireframing, user research, CSS, design tokens, service design, scrum, Sketch, user flows, accessibility, design systems, HTML",UI/UX Designer,Medium
"continuous integration, Python, pipeline, Jira, Jenkins, scrum, ArgoCD, Git, CI/CD, continuous deployment, Grafana, AWS, Prometheus",DevOps Engineer,Hard
"data cleaning, Power BI, SQL, data visualization, dashboard design, window functions, scrum, KPI tracking, documentation",Data Analyst,Medium
"Grafana, CI/CD, Jenkins, Linux, Ansible, Terraform, Git, Python",DevOps Engineer,Medium
"communication, CI/CD, pipeline, GitOps, Terraform, continuous deployment, Confluence, Linux, Bash scripting, Ansible, AWS, continuous integration, monitoring, Python, Docker, automation",DevOps Engineer,Hard
"Docker, SLO/SLA, observability, OpenTelemetry, ELK stack, teamwork, reliability targets, service level objectives, Grafana, Linux",Site Reliability Engineer,Medium
"TypeScript, JavaScript, React Native, iOS, mobile UI, Flutter, Git, Dart, Redux",Mobile App Developer,Easy
"window functions, data cleaning, Tableau Server, agile, dbt, Excel, Google Sheets, Tableau Desktop, Tableau, data visualization",Data Analyst,Medium
"HTML, CSS, JavaScript, MongoDB, time management, TypeScript, REST API, Express",Full Stack Developer,Easy
"OpenCV, tensorflow, leadership, python, TF, distributed training, pandas, deep learning, kubeflow, RLHF, computer vision, TensorFlow",AI/ML Engineer,Hard
"reliability targets, Elasticsearch Logstash Kibana, SLO/SLA, Kubernetes, Go, scrum, on-call, communication, Grafana, Linux, incident management, Git, service level objectives, ELK stack, ELK",Site Reliability Engineer,Medium
"time management, data visualization, reporting, Python, presentation, business intelligence, Google Sheets, SQL, KPI tracking, Excel, data modeling",Data Analyst,Medium
"CSS, Express, GraphQL, Next.js, Git, HTML, Kubernetes, Docker",Full Stack Developer,Medium
"cloud architecture, CDN, agile, AWS, networking, Lambda, VPC, Azure, leadership",Cloud Engineer,Medium
"Python, Docker, Go, agile, REST API, fast api, Python API, authentication, FastAPI, server-side development, Redis, SQL, PostgreSQL",Backend Developer,Medium
"Postman, Selenium, Cucumber, Docker, API testing, SQL, presentation, scrum, BDD, test automation, behavior-driven development, test planning",QA Automation Engineer,Easy
"toil reduction, Grafana, Linux, Python, Jira, incident management, documentation, Git, ELK stack",Site Reliability Engineer,Medium
"documentation, Terraform, observability, toil reduction, Python, Git, Kubernetes, incident management, Docker, Linux",Site Reliability Engineer,Medium
"Jupyter, statistics, leadership, scikit-learn, numpy, python, SQL, MySQL, Confluence, database queries, A/B testing, classification, matplotlib, PostgreSQL",Data Scientist,Medium
"Excel, ETL, Python, Tableau, pivot tables, reporting",Data Analyst,Easy
"BigQuery, Excel, data visualization, Power BI, pivot tables, Tableau, Tableau Desktop, SQL, business intelligence, data cleaning, Tableau Server, ETL",Data Analyst,Medium
"Docker, incident management, Linux, observability, Go, Python, distributed tracing, runbooks, Git, on-call",Site Reliability Engineer,Medium
"Nmap, threat intelligence, OWASP, Python, Confluence, threat detection, documentation, SIEM, firewalls",Cybersecurity Analyst,Medium
"Prometheus, Jira, Grafana, observability, distributed tracing, toil reduction, Python, Linux, OpenTelemetry, documentation, Git",Site Reliability Engineer,Hard
"IAM, serverless, S3, load balancing, Confluence, Lambda, CDN, AWS",Cloud Engineer,Medium
"Postman, JUnit, Selenium, Cucumber, Pact, test automation, Cypress, BDD, agile",QA Automation Engineer,Medium
"design patterns, C++, code review, Git, data structures",Software Engineer,Easy
"authentication, MongoDB, REST API, Flask, JWT, Redis, server-side development",Backend Developer,Medium
"container orchestration, Ansible, K8s, Docker, Kubernetes, GitOps, CI/CD, Python, automation, Linux",DevOps Engineer,Hard
"Verilog, GPIO, Confluence, microcontrollers, RTOS, firmware, real-time operating system, ARM, SPI, debugging, FreeRTOS, agile, oscilloscope",Embedded Systems Engineer,Medium
"leadership, seaborn, hypothesis testing, time series, statistics, scikit-learn, numpy",Data Scientist,Medium
"Jenkins, scrum, monitoring, Confluence, CI/CD, Grafana, Terraform, Prometheus, automation",DevOps Engineer,Medium
"OAuth, Docker, JavaScript, PostgreSQL, Express, TypeScript, Node.js, Git",Full Stack Developer,Medium
"Confluence, runbooks, error budgets, Linux, ELK stack, Python, Jira, incident management, Git, observability",Site Reliability Engineer,Medium
"pytorch, diffusion models, huggingface, numpy, ONNX, RNN, transformers, python, scikit-learn, model evaluation, triton, machine learning",AI/ML Engineer,Hard
"VPC, Azure, Lambda, Docker, teamwork, EC2, IAM, Linux, load balancing, networking, AWS, Pulumi",Cloud Engineer,Medium
"scikit-learn, numpy, A/B testing, statistics, pandas, seaborn, matplotlib, clustering",Data Scientist,Medium
"object-oriented programming, Go, object oriented, Java, documentation, OOP, debugging, system design, algorithms, Git, problem solving",Software Engineer,Medium
"FPGA, ARM, Linux kernel, microcontrollers, communication, Python, FreeRTOS, SPI, oscilloscope, RTOS, C++",Embedded Systems Engineer,Medium
"code review, algorithms, Python, Rust, data structures, problem solving, C++, concurrency",Software Engineer,Medium
"scrum, server-side development, RabbitMQ, Django, documentation, Node.js, REST API, MongoDB, message queues, Flask",Backend Developer,Medium
"scikit-learn, deep learning, NLP, machine learning, huggingface, numpy, pandas, RNN",AI/ML Engineer,Easy
"object oriented, time management, problem solving, algorithms, Jira, OOP, debugging, Python, Go, design patterns, memory management, object-oriented programming, unit testing, Linux",Software Engineer,Medium
"LSTM, kubeflow, leadership, numpy, python, tensorflow, huggingface, machine learning, pytorch, ONNX, teamwork, model quantization",AI/ML Engineer,Hard
"test automation, test planning, Cypress, BDD, Python, behavior-driven development, performance testing, Docker, Playwright, Selenium, Cucumber, visual regression",QA Automation Engineer,Hard
"Git, Python API, Jira, REST API, Confluence, database optimization, Django, Node.js, fast api, FastAPI",Backend Developer,Medium
"Wireshark, Jira, firewalls, threat detection, vulnerability assessment, compliance, forensics, network security, CVE research, Nmap, Linux, red teaming",Cybersecurity Analyst,Hard
"documentation, Flask, Python, presentation, server-side development, SQL, authentication, message queues, REST API, Docker",Backend Developer,Medium
"system design, data structures, OOP, C++, problem solving, SQL, Linux, Java",Software Engineer,Easy
"Prometheus, Docker, Jenkins, container orchestration, Terraform, Linux, AWS, Kubernetes, K8s",DevOps Engineer,Medium
"RN, Swift, leadership, Firebase, cross-platform mobile, JavaScript, Git, app store deployment, Jira, React Native, Flutter, REST API",Mobile App Developer,Medium
"Linux, AWS, Terraform, Git, CI/CD, teamwork, automation, Grafana",DevOps Engineer,Medium
"mobile UI, teamwork, Kotlin, communication, JavaScript, iOS, Android, Swift, REST API, Redux, React Native",Mobile App Developer,Easy
"chaos engineering, Confluence, Git, Python, documentation, Docker, Grafana, Linux, automation, Jenkins, monitoring, FinOps, Ansible",DevOps Engineer,Medium
"Selenium, visual regression, Docker, Postman, Cucumber, test automation, Pytest",QA Automation Engineer,Medium
"scrum, numpy, Jira, python, machine learning, keras, huggingface, diffusion models, LSTM, model quantization",AI/ML Engineer,Medium
"cloud security, Azure, Linux, Lambda, multi-cloud, Pulumi, cloud architecture, EC2",Cloud Engineer,Hard
"data visualization, Excel, Tableau Desktop, communication, data modeling, Python, data cleaning, Tableau, SQL, pivot tables, Confluence, Tableau Server, reporting",Data Analyst,Medium
"scikit-learn, pandas, Jupyter, numpy, presentation, feature selection, statistics, time series, hypothesis testing, data wrangling, Hadoop, SQL",Data Scientist,Medium
"Docker, incident management, toil reduction, communication, Prometheus, Kubernetes, capacity planning, teamwork, Linux",Site Reliability Engineer,Hard
"Git, authentication, agile, server-side development, Flask, FastAPI, Python, PostgreSQL, JWT, REST API",Backend Developer,Medium
"safety-critical systems, C++, FreeRTOS, Verilog, GPIO, RTOS, UART, C, firmware",Embedded Systems Engineer,Medium
"C++, communication, firmware, oscilloscope, debugging, I2C, Verilog, GPIO, safety-critical systems, Linux kernel, SPI, RTOS",Embedded Systems Engineer,Medium
"python, keras, torch, PyTorch, scikit-learn, neural networks, NLP, pytorch, model quantization",AI/ML Engineer,Medium
"VHDL, debugging, Python, microcontrollers, C++, real-time operating system, I2C, C, RTOS, oscilloscope, UART, Verilog",Embedded Systems Engineer,Medium
"Hardhat, web3, consensus algorithms, Web3, cryptography, Ethereum, NFT, time management, Web3.js, scrum",Blockchain Developer,Easy
"pandas, deep learning, feature engineering, python, computer vision, pytorch, numpy, machine learning",AI/ML Engineer,Easy
"machine learning, CNN, OpenCV, neural networks, kubeflow, RNN, Jira, keras, numpy, pandas, deep learning",AI/ML Engineer,Medium
"toil reduction, on-call, Linux, ELK, observability, ELK stack, Elasticsearch Logstash Kibana, SLO/SLA, Kubernetes, Docker, Grafana",Site Reliability Engineer,Medium
"SQL, FastAPI, PostgreSQL, time management, MongoDB, authentication, JWT, REST API, Node.js, Git",Backend Developer,Medium
"oscilloscope, Linux kernel, RTOS, communication, ARM, real-time operating system, C++, FPGA, time management, firmware, C",Embedded Systems Engineer,Medium
"C++, VHDL, GPIO, debugging, SPI, RTOS, agile, ARM, I2C",Embedded Systems Engineer,Medium
"regression, classification, numpy, statistics, python, feature selection, matplotlib, SQL",Data Scientist,Easy
"FreeRTOS, RTOS, debugging, C++, oscilloscope, microcontrollers, I2C, C, UART, power optimization, Python",Embedded Systems Engineer,Medium
"networking, cloud architecture, Linux, cloud security, Confluence, S3, Terraform, VPC, time management, load balancing",Cloud Engineer,Medium
"Ethereum, JavaScript, smart contracts, DeFi, Confluence, Solidity, cryptography, Truffle, Go, Web3.js",Blockchain Developer,Medium
"presentation, Linux, cloud architecture, IAM, Kubernetes, Terraform, Lambda, Docker, load balancing, AWS",Cloud Engineer,Medium
"Terraform, VPC, networking, CloudFormation, agile, cloud architecture, AWS, CDN, IAM, Docker, Kubernetes, load balancing",Cloud Engineer,Hard
"hypothesis testing, python, matplotlib, pandas, SQL, A/B testing, feature selection, dbt, clustering, numpy, agile, scrum",Data Scientist,Medium
"ELK, AWS, runbooks, ELK stack, Linux, Elasticsearch Logstash Kibana, Python, Kubernetes, OpenTelemetry, Git, Go",Site Reliability Engineer,Hard
"python, model evaluation, feature engineering, TensorFlow, OpenCV, deep learning, numpy, model quantization, triton, communication, pytorch, TF, presentation, MLOps, tensorflow",AI/ML Engineer,Hard
"Tableau, Microsoft Power BI, Looker, reporting, Power BI, dashboard design, Python, SQL, PowerBI",Data Analyst,Medium
"CSS, WebSockets, JavaScript, Node.js, GraphQL, leadership, documentation, MongoDB, Next.js, NodeJS, Node, Redux",Full Stack Developer,Medium
"data cleaning, data visualization, SQL, Tableau, Power BI, Tableau Server, data modeling, Tableau Desktop",Data Analyst,Medium
"bootloader development, I2C, firmware, VHDL, power optimization, C++, microcontrollers, RTOS, UART, FreeRTOS",Embedded Systems Engineer,Hard
"problem solving, C++, SQL, unit testing, algorithms, Linux, Java, code review, OOP, Jira, data structures",Software Engineer,Easy
"Flutter, RN, JavaScript, performance optimization, React Native, Swift, Git, offline-first, Android, cross-platform mobile, push notifications",Mobile App Developer,Hard
"Linux, Git, Grafana, Bash scripting, communication, Python, Confluence, Helm, automation",DevOps Engineer,Medium
"smart contracts, Web3.js, JavaScript, Ethereum, DAO governance, IPFS, NFT, DeFi, Solidity, consensus algorithms, Hardhat",Blockchain Developer,Medium
"NLP, pandas, model evaluation, machine learning, RNN, triton, pytorch, CNN, kubeflow, distributed training",AI/ML Engineer,Hard
"usability testing, Sketch, information architecture, Figma, Adobe XD, prototyping, user flows, wireframing",UI/UX Designer,Easy
"gRPC, Redis, microservices, FastAPI, Django, Git, REST API, message queues, SQL, JWT, Flask, authentication",Backend Developer,Hard
"Git, Docker, Kubernetes, observability, SLO/SLA, Linux, service level objectives, reliability targets, incident management, Prometheus",Site Reliability Engineer,Medium
"Linux kernel, I2C, oscilloscope, debugging, RTOS, firmware, communication, C++, GPIO",Embedded Systems Engineer,Easy
"SQL, Java, unit testing, memory management, data structures, Git, Python, Linux, problem solving, Go, C++, algorithms",Software Engineer,Medium
"C++, C, FreeRTOS, I2C, UART, firmware, microcontrollers, SPI, bootloader development, power optimization, ARM",Embedded Systems Engineer,Medium
"consensus algorithms, Go, Ethereum, Solidity, smart contracts, DAO governance, JavaScript",Blockchain Developer,Medium
"firmware, SPI, Linux kernel, GPIO, C, FreeRTOS, debugging, leadership",Embedded Systems Engineer,Easy
"Linux, SQL, OOP, Git, C++, unit testing, algorithms, design patterns",Software Engineer,Easy
"Adobe XD, prototyping, wireframing, Figma, CSS, accessibility, user research, Jira, component libraries, design systems",UI/UX Designer,Medium
"firmware, RTOS, debugging, C, Python, ARM, DSP, safety-critical systems",Embedded Systems Engineer,Medium
"GPIO, Python, documentation, I2C, scrum, debugging, RTOS, C, microcontrollers, UART",Embedded Systems Engineer,Easy
"Kotlin, Android, iOS, mobile UI, communication, React Native",Mobile App Developer,Easy
"wireframing, interaction design, user flows, Sketch, prototyping, user research, eye tracking, accessibility",UI/UX Designer,Medium
"Postman, behavior-driven development, SQL, leadership, BDD, performance testing, Docker, API testing, test planning, test automation",QA Automation Engineer,Medium
"statistics, pandas, database queries, data wrangling, matplotlib, PostgreSQL, MySQL, classification, SQL",Data Scientist,Easy
"advanced SQL, leadership, time management, Python, KPI tracking, Looker, data modeling, Tableau, Excel, reporting, data visualization",Data Analyst,Hard
"deep learning, OpenCV, scikit-learn, python, neural networks, pandas, leadership, computer vision, CNN, machine learning",AI/ML Engineer,Easy
"Flask, Jira, documentation, authentication, MongoDB, server-side development, REST API, Git, Django",Backend Developer,Easy
"leadership, Django, agile, MongoDB, server-side development, FastAPI, REST API, gRPC, authentication",Backend Developer,Medium
"teamwork, tensorflow, OpenCV, NLP, agile, machine learning, huggingface, scikit-learn",AI/ML Engineer,Easy
"Hardhat, Solidity, Web3.js, Go, NFT, JavaScript, DAO governance, Layer 2, Truffle, smart contract language",Blockchain Developer,Hard
"agile, Git, Linux, Docker, Python, Jenkins, Jira, CI/CD, AWS",DevOps Engineer,Medium
"Rust, cryptography, presentation, Ethereum, Confluence, web3, Truffle, IPFS, NFT, Web3, DeFi, Web3.js",Blockchain Developer,Medium
"GCP, cloud architecture, Terraform, networking, Kubernetes, time management, AWS, cost optimization, leadership, load balancing, IAM",Cloud Engineer,Hard
"communication, API testing, test automation, CI/CD, teamwork, Selenium, Python, k6, Pytest",QA Automation Engineer,Medium
"visual regression, Cypress, test automation, CI/CD, Confluence, Docker, Selenium, Selenium WebDriver",QA Automation Engineer,Medium
"Hardhat, Solidity, agile, Web3.js, consensus algorithms, Truffle, DeFi, smart contracts, Ethereum, IPFS, NFT, leadership",Blockchain Developer,Easy
"business intelligence, SQL, reporting, Python, agile, data visualization, Tableau, Tableau Server, KPI tracking, data modeling, Power BI, Tableau Desktop, Excel, ETL, Looker",Data Analyst,Medium
"Node.js, MongoDB, Redis, Git, server-side development, REST API",Backend Developer,Easy
"system design, Jira, Python, data structures, algorithms, C++, object-oriented programming, problem solving, concurrency, unit testing, object oriented, OOP",Software Engineer,Medium
"Next.js, CSS, Express, React, PostgreSQL, documentation, teamwork, JavaScript",Full Stack Developer,Easy
"business intelligence, Metabase, Google Sheets, KPI tracking, BigQuery, Jira, dashboard design, Power BI, reporting, Python, SQL, Snowflake",Data Analyst,Hard
"data modeling, ETL, BigQuery, SQL, Excel, Python, pivot tables, reporting, PowerBI, Power BI, Microsoft Power BI, business intelligence",Data Analyst,Medium
"Kubernetes, AWS, agile, Git, automation, leadership, Python",DevOps Engineer,Medium
"Linux, Jenkins, automation, pipeline, continuous integration, Bash scripting, Confluence, scrum, monitoring, AWS, Grafana, Kubernetes, SRE practices, continuous deployment, Git, CI/CD",DevOps Engineer,Hard
"code review, algorithms, Java, Git, system design, data structures, presentation, C++",Software Engineer,Easy
"Looker, Excel, Google Sheets, data visualization, time management, KPI tracking, dashboard design, SQL, Tableau",Data Analyst,Medium
"Redis, REST API, PostgreSQL, Jira, JWT, authentication, server-side development, Python, Git, microservices",Backend Developer,Medium
"Rust, DeFi, Hardhat, cross-chain bridges, Web3.js, Solidity, cryptography, IPFS, Go",Blockchain Developer,Hard
"classification, hypothesis testing, numpy, matplotlib, feature selection, statistics, scikit-learn, pandas, python",Data Scientist,Easy
"ArgoCD, Terraform, AWS, Linux, Docker, Kubernetes, Ansible, Git",DevOps Engineer,Hard
"Kubernetes, Lambda, GCP, Linux, AWS, cloud architecture, CDN, EC2, communication",Cloud Engineer,Medium
"runbooks, Kubernetes, Python, Linux, time management, toil reduction, incident management, Confluence, Go, observability",Site Reliability Engineer,Hard
"Figma, leadership, wireframing, prototyping, Figma design, UI design tool, information architecture, Adobe XD, CSS, motion design, user research, Sketch, interaction design",UI/UX Designer,Medium
"threat detection, SOC, network security, CVE research, vulnerability assessment, firewalls, malware analysis, OWASP",Cybersecurity Analyst,Medium
"feature engineering, distributed training, pandas, huggingface, kubeflow, numpy, transformers, model evaluation, scikit-learn, time management, computer vision",AI/ML Engineer,Medium
"data wrangling, A/B testing, Jupyter, numpy, matplotlib, seaborn, pandas, statistics, feature selection, SQL",Data Scientist,Medium
"contract testing, test planning, CI/CD, SQL, Selenium, Docker",QA Automation Engineer,Medium
"pandas, clustering, agile, feature selection, python, scikit-learn, numpy, seaborn, statistics",Data Scientist,Easy
"UART, FreeRTOS, documentation, microcontrollers, firmware, I2C",Embedded Systems Engineer,Easy
"Docker, PostgreSQL, TypeScript, Express, Node.js, MongoDB, HTML, OAuth, REST API",Full Stack Developer,Medium
"documentation, hypothesis testing, A/B testing, pandas, teamwork, feature selection, Airflow, statistics, scikit-learn",Data Scientist,Medium
"Linux, penetration testing, firewalls, CVE research, incident response, compliance, SOC, Wireshark",Cybersecurity Analyst,Medium
"presentation, BDD, Python, test planning, k6, teamwork, test automation, Pytest, SQL",QA Automation Engineer,Medium
"debugging, data structures, performance profiling, design patterns, Rust, C++, algorithms, SQL",Software Engineer,Medium
"CI/CD, K8s, Helm, continuous integration, service mesh, Docker, continuous deployment, Kubernetes, Confluence, pipeline, Jenkins, container orchestration, Prometheus",DevOps Engineer,Hard
"design patterns, algorithms, OOP, communication, Git, Java, scrum, data structures, C++, system design, Linux",Software Engineer,Easy
"user research, Sketch, HTML, Adobe XD, component libraries, wireframing, information architecture",UI/UX Designer,Medium
"prototyping, Figma, UI design tool, wireframing, design tokens, wireframes, Figma design, information architecture, CSS, Adobe XD, user research, low-fidelity design, Sketch, design systems",UI/UX Designer,Medium
"design tokens, UI design tool, CSS, interaction design, documentation, accessibility, user research, design systems, Figma, Figma design, wireframing, Sketch",UI/UX Designer,Medium
"PostgreSQL, Django, REST API, Python, Node.js, Docker, teamwork, MongoDB, communication, Git, SQL",Backend Developer,Easy
"data modeling, Power BI, ETL, Python, BigQuery, Tableau, Jira, business intelligence, Tableau Desktop, reporting, teamwork, Tableau Server, advanced SQL, data visualization, Excel",Data Analyst,Hard
"Python, Kubernetes, SLO/SLA, observability, error budgets, Grafana, runbooks, AWS",Site Reliability Engineer,Hard
"Python, SQL, Cypress, Docker, Selenium, visual regression, test automation, test planning",QA Automation Engineer,Medium
"time management, JWT, Redis, Flask, Python, Git, communication, Django, server-side development",Backend Developer,Medium
"Java, performance profiling, Linux, scrum, code review, design patterns, Python, problem solving, debugging, OOP",Software Engineer,Medium
"ELK stack, Kubernetes, on-call, Git, AWS, Confluence, reliability targets, observability, SLO/SLA, service level objectives, incident management, Python, documentation, Docker",Site Reliability Engineer,Medium
"numpy, presentation, model evaluation, LSTM, neural networks, tensorflow, OpenCV, transformers, scikit-learn",AI/ML Engineer,Easy
"A/B testing, usability testing, user research, interaction design, UI design tool, Jira, Figma, Figma design, HTML",UI/UX Designer,Medium
"Docker, FastAPI, microservices, leadership, Django, Node.js, REST API, gRPC, MongoDB, Git, JWT, Python",Backend Developer,Hard
"Bash scripting, Helm, FinOps, Confluence, AWS, Jira, service mesh, Git, Jenkins, monitoring, Docker, Linux",DevOps Engineer,Hard
"consensus algorithms, Web3.js, MEV, ZK proofs, DAO governance, web3, time management, DeFi, smart contracts, cryptography, Solidity, Truffle, Web3, Go, NFT",Blockchain Developer,Hard
"Tableau Desktop, SQL, reporting, KPI tracking, Tableau Server, business intelligence, Tableau",Data Analyst,Easy
"Selenium, test automation, Postman, API testing, Cypress, teamwork, presentation, Python, test planning",QA Automation Engineer,Easy
"threat intelligence, incident response, SOC, compliance, Linux, network security",Cybersecurity Analyst,Medium
"model evaluation, deep learning, diffusion models, huggingface, LLM, machine learning, MLOps, numpy",AI/ML Engineer,Hard
"Solidity, Rust, MEV, Hardhat, scrum, Web3.js, Go",Blockchain Developer,Hard
"Confluence, FreeRTOS, RTOS, oscilloscope, GPIO, real-time operating system, I2C, C, firmware, VHDL, microcontrollers, AUTOSAR, debugging",Embedded Systems Engineer,Medium
"network security, SOC, threat detection, Linux, OWASP, vulnerability assessment, Nmap, firewalls, Python, compliance",Cybersecurity Analyst,Easy
"transformers, machine learning, neural networks, pytorch, numpy, scikit-learn, model evaluation, LSTM, huggingface, pandas",AI/ML Engineer,Easy
"SQL, reporting, dbt, data modeling, pivot tables, KPI tracking, Looker, teamwork, Power BI, data visualization",Data Analyst,Hard
"Swift, Firebase, Redux, RN, mobile UI, React Native, cross-platform mobile",Mobile App Developer,Easy
"agile, OOP, code review, object oriented, C++, data structures, system design, object-oriented programming, Git, communication, Java",Software Engineer,Easy
"Bluetooth, Swift, app store deployment, cross-platform mobile, RN, JavaScript, Kotlin, Firebase, React Native, teamwork",Mobile App Developer,Medium
"SQL, data wrangling, A/B testing, numpy, MySQL, database queries, agile, hypothesis testing, Jupyter, PostgreSQL, statistics, time series, python",Data Scientist,Medium
"Git, TypeScript, RN, REST API, push notifications, Swift, mobile UI, Redux, React Native, cross-platform mobile, Firebase, Android",Mobile App Developer,Medium
"matplotlib, presentation, dbt, clustering, numpy, statistics, SQL, python, hypothesis testing",Data Scientist,Medium
"SPI, UART, oscilloscope, microcontrollers, C, time management, bootloader development",Embedded Systems Engineer,Medium
"JavaScript, RN, performance optimization, Git, Redux, React Native, Kotlin, native modules, Android, Swift, REST API, cross-platform mobile",Mobile App Developer,Medium
"Kubernetes, Docker, React, PostgreSQL, JWT, Express, CI/CD, JavaScript, CSS, Node.js, documentation",Full Stack Developer,Hard
"RLHF, pytorch, diffusion models, huggingface, numpy, Confluence, RNN, pandas, documentation",AI/ML Engineer,Medium
"agile, Node.js, Python, Git, Docker, Django, communication, Redis, authentication",Backend Developer,Easy
"NLP, diffusion models, OpenCV, scikit-learn, python, LLM, numpy, natural language processing, RNN, pandas, text mining",AI/ML Engineer,Medium
"SOC, presentation, Wireshark, vulnerability assessment, zero trust, OWASP, network security, communication, malware analysis, threat detection, firewalls, incident response, security information and event management, exploit development, SIEM, Linux",Cybersecurity Analyst,Hard
"data visualization, Google Sheets, business intelligence, Snowflake, Looker, Tableau, Confluence, Excel, data cleaning, agile",Data Analyst,Medium
"GraphQL, PostgreSQL, teamwork, HTML, microservices, CSS, Jira, React.js, JavaScript, ReactJS, React, Docker, REST API",Full Stack Developer,Medium
"Adobe XD, HTML, wireframing, interaction design, accessibility, design systems, Figma, usability testing",UI/UX Designer,Easy
"Substrate, Ethereum, Truffle, documentation, Solidity, Go, Rust, scrum, smart contract language, smart contracts, Web3.js",Blockchain Developer,Hard
"Sketch, presentation, usability testing, design systems, information architecture, prototyping, Figma design, UI design tool, Figma, Adobe XD",UI/UX Designer,Easy
"Linux, documentation, Git, Ansible, CI/CD, Prometheus, Python, automation, monitoring, Jenkins",DevOps Engineer,Medium
"design systems, user research, prototyping, wireframing, Figma, accessibility, Adobe XD, CSS",UI/UX Designer,Easy
"teamwork, data structures, Python, concurrency, unit testing, problem solving, algorithms, SQL",Software Engineer,Medium
"message queues, Redis, authentication, teamwork, Python, database optimization, microservices, PostgreSQL, server-side development",Backend Developer,Hard
"Ethereum, Substrate, Solidity, Web3.js, DAO governance, NFT, Rust, smart contracts, Go",Blockchain Developer,Hard
"HTML, Figma design, UI design tool, wireframing, prototyping, Sketch, service design, Framer, user research, Adobe XD, user flows, information architecture, CSS, Figma",UI/UX Designer,Medium
"numpy, python, Hadoop, matplotlib, statistics, pandas, seaborn, classification",Data Scientist,Medium
"server-side development, Kafka, Docker, Redis, Python, SQL, REST API, MongoDB",Backend Developer,Medium
"communication, Figma, prototyping, accessibility, design systems, user research, user flows, Sketch, Confluence",UI/UX Designer,Easy
"information architecture, HTML, Adobe XD, CSS, wireframing, user flows, low-fidelity design, accessibility, Figma, user research, prototyping, wireframes",UI/UX Designer,Easy
"Python, OOP, Java, data structures, algorithms, time management, C++, Rust, Git, Confluence",Software Engineer,Medium
"Prometheus, observability, Python, incident management, Grafana, service level objectives, Terraform, SLO/SLA, Kubernetes, distributed tracing, Docker, reliability targets",Site Reliability Engineer,Medium
"design tokens, usability testing, design systems, prototyping, Adobe XD, user research, motion design, low-fidelity design, wireframes, eye tracking, information architecture, wireframing",UI/UX Designer,Hard
"A/B testing, data wrangling, documentation, pandas, forecasting, Jupyter, matplotlib, scikit-learn, numpy, python, feature selection, statistics, Spark",Data Scientist,Hard
"OOP, unit testing, debugging, Git, teamwork, Python, algorithms, leadership, Java",Software Engineer,Easy
"Jupyter, data wrangling, numpy, SQL, clustering, pandas, seaborn, statistics",Data Scientist,Easy
"incident management, Kubernetes, time management, Go, AWS, SLO/SLA, teamwork, on-call, Grafana",Site Reliability Engineer,Hard
"python, feature engineering, numpy, ONNX, time management, pytorch, model evaluation, scikit-learn, triton, pandas, LSTM",AI/ML Engineer,Medium
"Kubernetes, AWS, SRE practices, Git, Confluence, Linux, automation, Terraform, Docker",DevOps Engineer,Hard
"accessibility, interaction design, CSS, HTML, prototyping, usability testing, Figma, information architecture",UI/UX Designer,Easy
"ETL, pivot tables, Python, SQL, data visualization, reporting, Excel, scrum, Metabase, business intelligence, data cleaning",Data Analyst,Medium
"GraphQL, MongoDB, Confluence, React, Next.js, microservices, CSS, Git, JavaScript, teamwork, HTML",Full Stack Developer,Medium
"communication, networking, Jira, CloudFormation, CDN, load balancing, Azure, S3, EC2, serverless, Linux, Docker",Cloud Engineer,Medium
"model evaluation, numpy, python, feature engineering, scikit-learn, natural language processing, text mining, NLP",AI/ML Engineer,Easy
"runbooks, communication, Linux, distributed tracing, Confluence, incident management, ELK stack, Prometheus, Python, Kubernetes, SLO/SLA",Site Reliability Engineer,Medium
"code review, Go, distributed systems, unit testing, data structures, system design, C++, SQL, documentation, algorithms, Python, Git, compiler design",Software Engineer,Hard
"pandas, regression, matplotlib, classification, SQL, feature selection",Data Scientist,Easy
"NFT, presentation, DeFi, Rust, Substrate, Ethereum, Solidity, smart contracts, Truffle",Blockchain Developer,Medium
"Docker, on-call, reliability targets, SLO/SLA, teamwork, observability, runbooks, Grafana, AWS, Confluence, Python, incident management, service level objectives",Site Reliability Engineer,Medium
"reporting, Power BI, data cleaning, Google Sheets, pivot tables, Python, Excel, ETL",Data Analyst,Easy
"Terraform, agile, Python, teamwork, Git, Docker, Linux, Jaeger",Site Reliability Engineer,Medium
"scikit-learn, model evaluation, feature engineering, numpy, LSTM, ONNX, huggingface, machine learning, computer vision, NLP, python",AI/ML Engineer,Medium
"incident management, AWS, SLO/SLA, Linux, error budgets, observability, leadership, Prometheus, Kubernetes, on-call, Terraform, time management",Site Reliability Engineer,Hard
"Web3.js, Hardhat, consensus algorithms, web3, Rust, Solidity, Confluence, NFT, Web3, cryptography, smart contracts, Ethereum, IPFS",Blockchain Developer,Medium
"JavaScript, RN, cross-platform mobile, Git, documentation, React Native, Bluetooth, Redux, Android, iOS, Swift, mobile UI, Flutter",Mobile App Developer,Medium
"user flows, service design, Confluence, information architecture, HTML, component libraries, prototyping, user research",UI/UX Designer,Medium
"PostgreSQL, CSS, MongoDB, NodeJS, JavaScript, Node, Node.js, HTML, Express",Full Stack Developer,Easy
"Solidity, IPFS, consensus algorithms, JavaScript, tokenomics, Ethereum, agile, Web3.js, Rust, cross-chain bridges, Go, smart contracts",Blockchain Developer,Hard
"web3, smart contracts, cryptography, DeFi, Go, consensus algorithms, Web3, Web3.js",Blockchain Developer,Medium
"BDD, Pytest, performance testing, CI/CD, scrum, Cypress, Docker, Playwright, Selenium, API testing, teamwork, test automation, test planning, Python",QA Automation Engineer,Hard
"machine learning, OpenCV, RNN, distributed training, huggingface, numpy, LSTM, MLOps, diffusion models, neural networks",AI/ML Engineer,Hard
"scrum, leadership, cloud architecture, Kubernetes, IAM, EC2, load balancing, Lambda, AWS",Cloud Engineer,Medium
"multi-cloud, networking, AWS, Kubernetes, Google Cloud Platform, Terraform, EC2, Google Cloud, GCP, Linux, CDN, Lambda, IAM",Cloud Engineer,Hard
"Firebase, app store deployment, cross-platform mobile, Swift, RN, Git, offline-first, native modules, Android, React Native, Flutter",Mobile App Developer,Hard
"python, scikit-learn, neural networks, Jira, model evaluation, CNN, numpy, leadership, LSTM, machine learning, RNN",AI/ML Engineer,Easy
"A/B testing, feature selection, pandas, seaborn, agile, data wrangling, forecasting, statistics, SQL, teamwork, Bayesian statistics",Data Scientist,Hard
"zero trust, firewalls, SIEM, OWASP, Nmap, exploit development, SOC, Linux, Python",Cybersecurity Analyst,Medium
"machine learning, python, deep learning, LSTM, NLP, agile, computer vision, diffusion models, pandas, Confluence, scikit-learn",AI/ML Engineer,Medium
"PostgreSQL, SQL, fast api, leadership, FastAPI, Python, Django, Flask, Python API",Backend Developer,Easy
"Google Sheets, Python, Power BI, reporting, ETL, Tableau Desktop, data visualization, Tableau Server, Tableau, dashboard design, Excel",Data Analyst,Easy
"GPIO, FreeRTOS, C, C++, I2C, ARM, microcontrollers, Linux kernel, oscilloscope",Embedded Systems Engineer,Easy
"GraphQL, Git, Jira, Mongo, Node.js, NoSQL, React, MongoDB, NodeJS, CSS, SSR, Redux, time management, Node",Full Stack Developer,Medium
"accessibility, wireframing, communication, Figma, Adobe XD, CSS, UI design tool, prototyping, HTML, Figma design, leadership",UI/UX Designer,Easy
"Flask, Docker, Kafka, PostgreSQL, message queues, REST API, FastAPI, Redis, SQL, Git, MongoDB, Confluence",Backend Developer,Medium
"teamwork, Next.js, JavaScript, HTML, Jira, Express, React, Git, REST API, GraphQL, TypeScript",Full Stack Developer,Easy
"Wireshark, ethical hacking, incident response, pen testing, SIEM, communication, Linux, cryptography, compliance, penetration testing, threat detection",Cybersecurity Analyst,Easy
"pivot tables, Tableau, Power BI, advanced SQL, SQL, Microsoft Power BI, data cleaning, PowerBI, Google Sheets, reporting",Data Analyst,Medium
"Linux, pen testing, penetration testing, ethical hacking, cryptography, incident response, compliance, time management, Wireshark, vulnerability assessment, threat intelligence, network security",Cybersecurity Analyst,Medium
"C++, RTOS, Linux kernel, SPI, debugging, safety-critical systems, I2C, documentation",Embedded Systems Engineer,Medium
"Git, system design, Python, SQL, Java, problem solving, communication, code review, data structures",Software Engineer,Easy
"classification, numpy, regression, SQL, hypothesis testing, data wrangling, python, seaborn, feature selection, statistics",Data Scientist,Easy
"debugging, algorithms, SQL, Java, design patterns, Python, data structures, leadership, teamwork",Software Engineer,Easy
"Kubernetes, Git, Linux, teamwork, K8s, Jenkins, container orchestration, Docker, AWS, Ansible",DevOps Engineer,Medium
"Helm, automation, Grafana, Jira, Terraform, Docker, Jenkins, Python, Linux, Kubernetes",DevOps Engineer,Medium
"usability testing, user research, service design, information architecture, Figma, A/B testing, design tokens, Sketch, wireframing, interaction design",UI/UX Designer,Hard
"RTOS, Python, FPGA, Linux kernel, GPIO, I2C, SPI, C, microcontrollers, firmware",Embedded Systems Engineer,Medium
"teamwork, AUTOSAR, VHDL, C, SPI, UART, Python, RTOS, real-time operating system, Linux kernel, oscilloscope",Embedded Systems Engineer,Medium
"Jira, cloud security, load balancing, communication, Terraform, AWS, Azure, serverless, Linux, networking",Cloud Engineer,Hard
"teamwork, JWT, Git, Flask, Node.js, server-side development",Backend Developer,Medium
"firmware, Linux kernel, VHDL, C, C++, Python, safety-critical systems, FreeRTOS, GPIO, teamwork, oscilloscope",Embedded Systems Engineer,Medium
"oscilloscope, C, real-time operating system, presentation, AUTOSAR, power optimization, SPI, I2C, RTOS, VHDL",Embedded Systems Engineer,Hard
"user research, usability testing, Figma, motion design, time management, component libraries, wireframing, Sketch, HTML, prototyping, design systems",UI/UX Designer,Medium
"AWS, Git, SLO/SLA, incident management, Terraform, observability, runbooks, Go, Prometheus, Linux",Site Reliability Engineer,Medium
"Kubernetes, AWS, Pulumi, Linux, cloud architecture, EC2, load balancing, Amazon cloud, networking, Amazon Web Services",Cloud Engineer,Hard
"JavaScript, Kotlin, Firebase, mobile UI, Dart, Redux, TypeScript, iOS",Mobile App Developer,Easy
"Bluetooth, TypeScript, iOS, JavaScript, agile, React Native, Kotlin",Mobile App Developer,Medium
"Python, communication, presentation, Docker, JWT, fast api, server-side development, PostgreSQL, Python API, FastAPI, authentication",Backend Developer,Medium
"communication, load balancing, documentation, CDN, networking, cost optimization, CloudFormation, Lambda, Linux",Cloud Engineer,Medium
"interaction design, usability testing, CSS, user research, accessibility, Adobe XD, Confluence, leadership, design systems, wireframing",UI/UX Designer,Easy
"OOP, time management, problem solving, presentation, Git, object oriented, debugging, distributed systems, object-oriented programming, Python, code review, unit testing, Rust",Software Engineer,Medium
"Python, power optimization, microcontrollers, Linux kernel, SPI, oscilloscope, UART, RTOS, debugging, firmware, teamwork",Embedded Systems Engineer,Medium
"React Native, Flutter, cross-platform mobile, performance optimization, Android, TypeScript, mobile UI, Git, Redux, RN, Swift, Kotlin",Mobile App Developer,Medium
"SQL, JWT, MongoDB, Python, RabbitMQ, Flask, REST API, server-side development",Backend Developer,Medium
"algorithms, Git, data structures, memory management, system design, unit testing, C++, Rust, object oriented, object-oriented programming, design patterns, OOP, debugging",Software Engineer,Medium
"neural networks, Jira, machine learning, NLP, scikit-learn, triton, keras, huggingface, numpy, pandas",AI/ML Engineer,Medium
"AWS, CI/CD, Helm, Python, continuous deployment, K8s, pipeline, container orchestration, monitoring, Docker, Git, continuous integration, Kubernetes, Terraform, presentation",DevOps Engineer,Hard
"Framer, HTML, wireframes, low-fidelity design, Figma, scrum, information architecture, user research, interaction design, Jira, wireframing, prototyping",UI/UX Designer,Medium
"mobile UI, app store deployment, Swift, offline-first, Git, agile, Kotlin, Flutter, JavaScript, leadership",Mobile App Developer,Medium
"TensorFlow, model evaluation, TF, tensorflow, computer vision, numpy, feature engineering, machine learning, python, MLOps, RNN, agile",AI/ML Engineer,Medium
"cost optimization, GCP, Terraform, networking, time management, cloud architecture, Kubernetes, Linux, CloudFormation",Cloud Engineer,Hard
"Solidity, Rust, Confluence, cross-chain bridges, cryptography, Ethereum, Truffle, smart contract language, Hardhat, leadership",Blockchain Developer,Medium
"reporting, Tableau, advanced SQL, teamwork, data visualization, Python, business intelligence, data cleaning",Data Analyst,Medium
"microservices, REST API, Django, Python, JWT, Flask, RabbitMQ, Confluence, Git, SQL, authentication, Docker",Backend Developer,Hard
"A/B testing, data wrangling, scikit-learn, causal inference, pandas, regression, agile, seaborn, feature selection, statistics",Data Scientist,Medium
"authentication, Git, PostgreSQL, Python, SQL, FastAPI, Flask, Django",Backend Developer,Easy
"data cleaning, Looker, dbt, KPI tracking, SQL, Tableau, window functions, Power BI, data visualization",Data Analyst,Hard
"Prometheus, incident management, on-call, reliability targets, Python, presentation, SLO/SLA, service level objectives, Kubernetes, Grafana, Docker, Jira, Linux, Go",Site Reliability Engineer,Medium
"Kubernetes, IAM, Lambda, Linux, GCP, Terraform, AWS, cost optimization, serverless, Jira",Cloud Engineer,Hard
"data wrangling, Bayesian statistics, leadership, A/B testing, SQL, python, time management, pandas, numpy, time series, regression",Data Scientist,Hard
"SQL, API testing, Selenium, Postman, Python, test automation, test planning, communication, Cypress, BDD, Docker",QA Automation Engineer,Easy
"code review, debugging, data structures, Git, SQL",Software Engineer,Easy
"SQL, Git, C++, algorithms, Java, memory management, Python, Jira, data structures, system design, code review",Software Engineer,Medium
"threat detection, SIEM, network security, firewalls, compliance, agile, Wireshark, Confluence, Linux",Cybersecurity Analyst,Easy
"PostgreSQL, Express, ReactJS, scrum, React.js, MongoDB, React, JavaScript",Full Stack Developer,Easy
"firmware, RTOS, ARM, C++, oscilloscope, Linux kernel, debugging, GPIO, microcontrollers",Embedded Systems Engineer,Easy
"Jira, C++, Git, problem solving, system design, debugging, data structures, leadership",Software Engineer,Easy
"reporting, SQL, Google Sheets, business intelligence, Tableau, Looker, dashboard design, time management, data visualization, Metabase",Data Analyst,Medium
"Linux, leadership, threat detection, CVE research, penetration testing, vulnerability assessment, Python, forensics",Cybersecurity Analyst,Medium
"MLOps, machine learning, pandas, model evaluation, computer vision, Confluence, scikit-learn, neural networks, kubeflow, numpy",AI/ML Engineer,Medium
"scikit-learn, numpy, model evaluation, NLP, LSTM, agile, leadership, RLHF, pandas, CNN, tensorflow, distributed training",AI/ML Engineer,Medium
"Grafana, observability, leadership, ELK, distributed tracing, Elasticsearch Logstash Kibana, SLO/SLA, incident management, on-call, Prometheus, ELK stack, Terraform",Site Reliability Engineer,Medium
"consensus algorithms, Layer 2, smart contracts, Go, Web3.js, cryptography, Solidity, NFT, documentation, Rust, Truffle, Ethereum",Blockchain Developer,Hard
"Ethereum, JavaScript, Jira, Web3.js, Hardhat, smart contracts, smart contract language, consensus algorithms, Solidity",Blockchain Developer,Easy
"React Native, Jira, Flutter, REST API, Android, mobile UI, Git, communication, Firebase",Mobile App Developer,Easy
"feature selection, classification, scikit-learn, numpy, SQL, regression, python, leadership, statistics, Jira",Data Scientist,Easy
"Rust, tokenomics, smart contracts, Ethereum, DeFi, scrum, Solidity, Go",Blockchain Developer,Hard
"SQL, algorithms, system design, OOP, C++, Python, data structures, unit testing, problem solving",Software Engineer,Easy
"communication, Linux, load balancing, Docker, FinOps, Terraform, S3, Lambda, IAM, CDN",Cloud Engineer,Medium
"reporting, PowerBI, pivot tables, Microsoft Power BI, Excel, ETL, SQL, data cleaning, Power BI, dashboard design, KPI tracking",Data Analyst,Easy
"Python API, Python, SQL, documentation, FastAPI, scrum, microservices, server-side development, Redis, PostgreSQL, database optimization, fast api",Backend Developer,Medium
"tensorflow, python, scikit-learn, huggingface, TF, neural networks, TensorFlow, Jira, RLHF, machine learning, time management, pytorch",AI/ML Engineer,Medium
"seaborn, time series, A/B testing, data wrangling, numpy, feature selection, statistics, matplotlib, presentation",Data Scientist,Medium
"time management, Bash scripting, Linux, agile, automation, Docker, Jenkins, SRE practices, Grafana, CI/CD",DevOps Engineer,Medium
"Selenium, CI/CD, Docker, test planning, API testing, Selenium WebDriver, Confluence, Python",QA Automation Engineer,Medium
"Tableau Server, Microsoft Power BI, Power BI, Tableau, KPI tracking, pivot tables, Python, PowerBI, data visualization, teamwork, dbt, Tableau Desktop, Excel, reporting",Data Analyst,Medium
"K8s, Kubernetes, Prometheus, Grafana, monitoring, Jenkins, time management, Git, Linux, Python, CI/CD, Docker, container orchestration",DevOps Engineer,Medium
"Linux, network security, compliance, exploit development, firewalls, Python, presentation, cryptography",Cybersecurity Analyst,Medium
"communication, automation, Linux, Prometheus, Grafana, monitoring, Jenkins, scrum, Docker, CI/CD",DevOps Engineer,Medium
"load balancing, networking, Kubernetes, IAM, S3, Azure, Lambda, CDN",Cloud Engineer,Medium
"React Native, Kotlin, TypeScript, JavaScript, Dart, Swift, REST API, Android",Mobile App Developer,Easy
"Terraform, CI/CD, FinOps, automation, agile, Prometheus, Grafana, Git, Helm, Python, Linux, AWS",DevOps Engineer,Hard
"network security, Linux, vulnerability assessment, firewalls, OWASP, threat detection, Wireshark, malware analysis",Cybersecurity Analyst,Medium
"Jenkins, Docker, Helm, Kubernetes, Terraform, Linux, Git, Grafana, Jira, Ansible, SRE practices, ArgoCD, Prometheus",DevOps Engineer,Hard
"Terraform, VPC, presentation, load balancing, IAM, cloud architecture, S3, Linux, Docker",Cloud Engineer,Easy
"VPC, Azure, IAM, Linux, Kubernetes, GCP, cloud architecture, Lambda, networking",Cloud Engineer,Medium
"Docker, SLO/SLA, incident management, Git, scrum, on-call, Linux, Kubernetes",Site Reliability Engineer,Medium
"Jupyter, data wrangling, A/B testing, presentation, python, dbt, SQL, leadership, R",Data Scientist,Hard
"mobile UI, Kotlin, JavaScript, native modules, Flutter, Redux, REST API, Dart, Git, push notifications",Mobile App Developer,Medium
"FastAPI, PostgreSQL, message queues, teamwork, Git, Redis, REST API, Flask, Python",Backend Developer,Medium
"Linux, Python, threat detection, OWASP, incident response, network security, vulnerability assessment, SOC, Nmap, zero trust, firewalls",Cybersecurity Analyst,Medium
"Docker, documentation, Istio, monitoring, Git, continuous integration, service mesh, CI/CD, automation, pipeline, continuous deployment, SRE practices, Bash scripting, AWS",DevOps Engineer,Hard
"Python, data visualization, leadership, KPI tracking, reporting, BigQuery, teamwork, Tableau, dashboard design, ETL",Data Analyst,Medium
"OOP, Jira, Linux, agile, algorithms, unit testing, debugging, system design, code review, problem solving",Software Engineer,Easy
"huggingface, pytorch, model evaluation, RNN, pandas, documentation, agile, python, machine learning",AI/ML Engineer,Easy
"statistics, numpy, A/B testing, feature selection, hypothesis testing, scikit-learn, R",Data Scientist,Medium
"IPFS, MEV, Truffle, consensus algorithms, Hardhat, Rust, smart contract language, Ethereum, Go, Cosmos SDK, Solidity",Blockchain Developer,Hard
"ARM architecture, C, microcontrollers, SPI, ARM, ARM Cortex, DSP, Python, leadership",Embedded Systems Engineer,Medium
"user research, design systems, prototyping, user flows, Adobe XD, usability testing, leadership",UI/UX Designer,Easy
"ELK stack, error budgets, SLO/SLA, runbooks, chaos engineering, AWS, OpenTelemetry, ELK, on-call, Grafana, Terraform, Python, observability, incident management, Elasticsearch Logstash Kibana",Site Reliability Engineer,Hard
"observability, SLO/SLA, reliability targets, Kubernetes, Grafana, Prometheus, chaos engineering, runbooks, service level objectives, presentation",Site Reliability Engineer,Medium
"reporting, ETL, agile, business intelligence, Jira, KPI tracking, Tableau, data visualization, Excel, Power BI",Data Analyst,Easy
"authentication, server-side development, communication, JWT, Python, Git, SQL, documentation, Flask",Backend Developer,Medium
"Snowflake, dashboard design, Tableau, Tableau Desktop, Looker, data visualization, Tableau Server, Excel, data cleaning",Data Analyst,Medium
"scikit-learn, leadership, neural networks, python, keras, NLP, OpenCV, pandas, RNN, pytorch",AI/ML Engineer,Easy
"Hardhat, IPFS, Solidity, MEV, leadership, JavaScript, cryptography, smart contracts, tokenomics, Web3.js, DeFi",Blockchain Developer,Medium
"Pact, Git, BDD, Cucumber, Selenium WebDriver, Cypress, Python, test planning, Postman, Selenium, API testing",QA Automation Engineer,Medium
"network security, forensics, incident response, vulnerability assessment, SIEM, firewalls, Linux, OWASP, Wireshark, penetration testing",Cybersecurity Analyst,Medium
"reporting, pivot tables, Excel, business intelligence, KPI tracking, Tableau",Data Analyst,Easy
"Postman, Selenium, JUnit, Docker, BDD, agile, Pytest, test planning",QA Automation Engineer,Easy
"CI/CD, Jenkins, Docker, Git, monitoring, Grafana, Terraform",DevOps Engineer,Medium
"WebSockets, performance optimization, ReactJS, Node.js, TypeScript, PostgreSQL, Express, React, Redux, NodeJS, Git, Node, JavaScript, React.js, CI/CD, MongoDB",Full Stack Developer,Hard
"Redis, FastAPI, PostgreSQL, MongoDB, Python API, Python, Git, scrum, SQL, REST API, authentication, Jira, Flask, fast api",Backend Developer,Easy
"neural networks, huggingface, machine learning, pandas, ONNX, computer vision, RLHF",AI/ML Engineer,Medium
"python, presentation, pandas, regression, Confluence, Spark, A/B testing, SQL, statistics, matplotlib, seaborn",Data Scientist,Medium
"A/B testing, seaborn, Jira, pandas, statistics, communication, clustering, matplotlib",Data Scientist,Medium
"Jenkins, Docker, Bash scripting, teamwork, Git, Ansible, AWS, Helm, Istio, Python",DevOps Engineer,Hard
"debugging, agile, performance profiling, object oriented, OOP, Java, data structures, algorithms, concurrency, C++, system design, object-oriented programming, problem solving",Software Engineer,Medium
"time series, regression, pandas, scikit-learn, numpy, hypothesis testing, A/B testing",Data Scientist,Medium
"deep learning, python, tensorflow, teamwork, neural networks, machine learning, triton, scikit-learn, LSTM, documentation, huggingface",AI/ML Engineer,Medium
"Pytest, Postman, performance testing, API testing, Docker, Cypress, test planning, Python, scrum, CI/CD",QA Automation Engineer,Medium
"HTML, teamwork, Figma, design systems, prototyping, communication, user flows, CSS, Framer, eye tracking, Adobe XD, interaction design, user research",UI/UX Designer,Medium
"Bluetooth, Firebase, native modules, Git, iOS, JavaScript, Jira, Flutter",Mobile App Developer,Medium
"matplotlib, regression, statistics, numpy, A/B testing, teamwork, Jupyter, pandas, time management, clustering, SQL, scikit-learn",Data Scientist,Medium
"threat detection, firewalls, Linux, penetration testing, cryptography, OWASP, vulnerability assessment, leadership, Nmap, exploit development, time management",Cybersecurity Analyst,Medium
"Pytest, Cypress, test automation, Selenium, BDD, test planning, Cucumber, Python, scrum, CI/CD, Docker",QA Automation Engineer,Medium
"JUnit, Python, SQL, Selenium, BDD, Postman, Cucumber, Cypress, Confluence",QA Automation Engineer,Easy
"neural networks, numpy, computer vision, convolutional neural network, LSTM, MLOps, machine learning, huggingface, image classification, pandas, CUDA, triton, python, documentation, transformers, CNN, teamwork",AI/ML Engineer,Hard
"AWS, Jira, Kubernetes, VPC, Azure, EC2, load balancing, IAM, communication, Terraform",Cloud Engineer,Medium
"networking, Lambda, AWS, EC2, Amazon cloud, SLA design, Amazon Web Services, Azure, S3, Kubernetes, Linux",Cloud Engineer,Hard
"FastAPI, Docker, server-side development, fast api, Node.js, Python API, PostgreSQL, Git, Redis",Backend Developer,Easy
"safety-critical systems, UART, RTOS, real-time operating system, FreeRTOS, firmware, ARM Cortex, ARM architecture, C++, ARM",Embedded Systems Engineer,Medium
"OOP, code review, object-oriented programming, Linux, system design, scrum, data structures, Go, object oriented, algorithms, problem solving",Software Engineer,Medium
"Git, API testing, SQL, Selenium, leadership, test planning, Postman",QA Automation Engineer,Easy
"IAM, FinOps, GCP, CDN, networking, Confluence, Kubernetes, serverless",Cloud Engineer,Hard
"communication, hypothesis testing, data wrangling, Spark, pandas, statistics, clustering, SQL, time management, regression, dbt, Airflow, python",Data Scientist,Hard
"Grafana, Git, Python, observability, Terraform, incident management, SLO/SLA",Site Reliability Engineer,Easy
"Truffle, Ethereum, DeFi, scrum, consensus algorithms, NFT, IPFS, Web3.js, smart contracts, JavaScript",Blockchain Developer,Easy
"on-call, Jaeger, Go, Terraform, Confluence, Python, runbooks, Linux",Site Reliability Engineer,Medium
"data visualization, dbt, KPI tracking, documentation, data cleaning, teamwork, reporting, Power BI",Data Analyst,Medium
"Git, Python, SQL, Redis, Flask, Kafka, RabbitMQ, JWT, Docker",Backend Developer,Hard
"AWS, Kubernetes, distributed tracing, leadership, Python, Git, observability, Go",Site Reliability Engineer,Hard
"Docker, incident management, Terraform, Python, AWS, Prometheus, Go, ELK stack",Site Reliability Engineer,Medium
"user research, usability testing, motion design, Figma design, UI design tool, Adobe XD, CSS, user flows, Figma, communication, accessibility, Sketch, Framer, scrum, prototyping",UI/UX Designer,Medium
"data visualization, Google Sheets, communication, SQL, business intelligence, reporting, KPI tracking, Excel",Data Analyst,Easy
"Docker, REST API, HTML, Kubernetes, GraphQL, JWT, JavaScript, SSR, documentation, CSS, Express",Full Stack Developer,Hard
"Docker, fast api, FastAPI, scrum, MongoDB, Django, Python API, REST API, Git, agile, PostgreSQL, Node.js",Backend Developer,Easy
"Git, Swift, REST API, app store deployment, Flutter, React Native, communication",Mobile App Developer,Medium
"REST API, Express, Git, scrum, Next.js, MongoDB, Node.js, GraphQL, React",Full Stack Developer,Easy
"Solidity, Rust, IPFS, DeFi, communication, smart contracts, Ethereum, Truffle",Blockchain Developer,Medium
"SLO/SLA, ELK stack, Linux, ELK, Python, Go, Elasticsearch Logstash Kibana, OpenTelemetry, agile, Git",Site Reliability Engineer,Medium
"machine learning, tensorflow, RNN, TF, OpenCV, scikit-learn, keras, TensorFlow, huggingface, model evaluation",AI/ML Engineer,Easy
"clustering, statistics, regression, hypothesis testing, Jupyter, pandas, Bayesian statistics, Confluence",Data Scientist,Medium
"firmware, ARM, microcontrollers, C++, SPI, RTOS, Linux kernel",Embedded Systems Engineer,Easy
"JWT, caching strategies, Docker, Node.js, FastAPI, Django REST framework, REST API, SQL, Django",Backend Developer,Medium
"feature selection, Jira, classification, matplotlib, leadership, clustering, A/B testing, statistics, numpy, scikit-learn",Data Scientist,Medium
"scikit-learn, computer vision, numpy, pandas, keras, model evaluation, MLOps",AI/ML Engineer,Medium
"teamwork, OAuth, TypeScript, HTML, Docker, MongoDB, JavaScript, Jira, PostgreSQL, GraphQL, Git",Full Stack Developer,Medium
"networking, leadership, Linux, S3, Lambda, Azure, EC2",Cloud Engineer,Easy
"Git, Flutter, Kotlin, Firebase, mobile UI, React Native, communication, REST API, JavaScript, Redux, scrum",Mobile App Developer,Easy
"fast api, documentation, MongoDB, Node.js, FastAPI, Kafka, server-side development, REST API, time management, Python API, Docker",Backend Developer,Medium
"accessibility, Figma, usability testing, design tokens, Framer, CSS, design systems, information architecture, prototyping, HTML, eye tracking",UI/UX Designer,Hard
"contract testing, performance testing, test automation, Git, Cucumber, BDD, Python",QA Automation Engineer,Medium
"DAO governance, smart contracts, cryptography, IPFS, communication, scrum, Hardhat, Web3.js",Blockchain Developer,Medium
"user flows, prototyping, accessibility, Sketch, user research, design systems, information architecture, component libraries",UI/UX Designer,Medium
"Google Sheets, Confluence, SQL, Tableau, pivot tables, teamwork, reporting",Data Analyst,Easy
"Amazon cloud, communication, IAM, documentation, Amazon Web Services, EC2, serverless, AWS, CDN, Kubernetes, Terraform",Cloud Engineer,Hard
"debugging, C, ARM, firmware, Python, microcontrollers, DSP, SPI, RTOS",Embedded Systems Engineer,Medium
"communication, Go, Solidity, cryptography, Ethereum, JavaScript",Blockchain Developer,Medium
"Terraform, Confluence, IAM, Kubernetes, cloud architecture, Pulumi, load balancing, AWS, GCP",Cloud Engineer,Hard
"NFT, cryptography, agile, Web3.js, Truffle, Hardhat, Ethereum, smart contracts, Solidity, DAO governance, JavaScript, Rust",Blockchain Developer,Medium
"teamwork, Wireshark, firewalls, Python, incident response, penetration testing, Linux, time management, threat detection, vulnerability assessment, network security",Cybersecurity Analyst,Easy
"CNN, Jira, pandas, scikit-learn, model quantization, numpy, neural networks, Confluence, LLM, python, MLOps, convolutional neural network, image classification, deep learning, LSTM",AI/ML Engineer,Hard
"tensorflow, Confluence, pandas, keras, computer vision, huggingface, scikit-learn, RNN",AI/ML Engineer,Easy
"keras, neural networks, feature engineering, scikit-learn, pandas, presentation, huggingface",AI/ML Engineer,Easy
"ETL, advanced SQL, KPI tracking, Tableau, data cleaning, data visualization, Metabase, Google Sheets, Power BI, teamwork, reporting",Data Analyst,Medium
"Git, Docker, JavaScript, TypeScript, CI/CD, Node.js, MongoDB, Next.js, performance optimization",Full Stack Developer,Medium
"Wireshark, forensics, Nmap, vulnerability assessment, firewalls, cryptography, scrum, threat detection, SOC",Cybersecurity Analyst,Medium
"cryptography, threat intelligence, SOC, threat detection, Nmap, Python, network security, Linux, zero trust, penetration testing",Cybersecurity Analyst,Medium
"behavior-driven development, Selenium WebDriver, performance testing, BDD, Selenium, Cypress, Docker, Jira, documentation, Pytest, test planning, contract testing, Postman",QA Automation Engineer,Medium
"threat intelligence, SIEM, scrum, threat detection, Linux, time management, Nmap, Python, firewalls, Wireshark",Cybersecurity Analyst,Medium
"cloud architecture, Docker, Lambda, AWS, S3, Pulumi, VPC, GCP, Terraform",Cloud Engineer,Medium
"multi-cloud, IAM, Google Cloud, Lambda, GCP, EC2, S3, FinOps, Google Cloud Platform, Docker, AWS",Cloud Engineer,Hard
"native modules, Firebase, iOS, REST API, Dart, React Native, Kotlin, mobile UI",Mobile App Developer,Medium
"machine learning, tensorflow, distributed training, pandas, deep learning, OpenCV, numpy, LSTM, neural networks, pytorch",AI/ML Engineer,Medium
"Pact, Git, Docker, Cucumber, leadership, BDD, JUnit, visual regression, JMeter, Python, test planning, Postman, Confluence",QA Automation Engineer,Hard
"Linux, documentation, runbooks, Kubernetes, Go, observability, incident management, Terraform",Site Reliability Engineer,Medium
"data visualization, Python, reporting, Power BI, SQL, Excel, Google Sheets, KPI tracking, pivot tables, data cleaning",Data Analyst,Easy
"TypeScript, performance optimization, app store deployment, Dart, Android, mobile UI, native modules, Git, Swift, React Native, JavaScript",Mobile App Developer,Hard
"KPI tracking, PowerBI, Excel, Microsoft Power BI, reporting, Google Sheets, pivot tables, Power BI, communication, dashboard design, SQL, business intelligence, data visualization",Data Analyst,Easy
"Solidity, Go, Web3.js, DeFi, consensus algorithms, Web3, web3, smart contracts",Blockchain Developer,Medium
"Jira, Redux, app store deployment, iOS, offline-first, Dart, Firebase, scrum, REST API, mobile UI, Git",Mobile App Developer,Medium
"DeFi, NFT, IPFS, Layer 2, Web3.js, smart contracts, Go, cross-chain bridges, Cosmos SDK, Solidity",Blockchain Developer,Hard
"push notifications, TypeScript, React Native, Flutter, Android, iOS, mobile UI, Confluence, JavaScript, Dart",Mobile App Developer,Medium
"LSTM, numpy, deep learning, transformers, Jira, huggingface, machine learning, computer vision, LLM, python, pandas, OpenCV",AI/ML Engineer,Medium
"A/B testing, R, matplotlib, SQL, regression, scrum, clustering, classification, data wrangling, pandas, statistics, presentation",Data Scientist,Medium
"Swift, documentation, Dart, Flutter, Git, Android, JavaScript, mobile UI, ARKit, React Native, scrum",Mobile App Developer,Medium
"IAM, leadership, Azure, Docker, teamwork, networking, Lambda, Terraform, CDN, Linux, VPC, cloud architecture, FinOps",Cloud Engineer,Medium
"matplotlib, Jupyter, regression, pandas, statistics, python, causal inference, clustering, numpy, scikit-learn, data wrangling",Data Scientist,Medium
"Linux, firewalls, SOC, penetration testing, SIEM, network security, Python, Jira, OWASP, Wireshark, security information and event management",Cybersecurity Analyst,Easy
"Django, Go, server-side development, Django REST framework, Flask, FastAPI, Node.js, REST API, Git, Python",Backend Developer,Medium
"information architecture, Sketch, user research, wireframing, design systems, CSS",UI/UX Designer,Easy
"SRE practices, Grafana, Docker, Prometheus, Git, Terraform, Python, time management, Jenkins, Linux, Kubernetes",DevOps Engineer,Medium
"data structures, problem solving, unit testing, algorithms, Java, SQL, C++, OOP",Software Engineer,Easy
"PostgreSQL, FastAPI, gRPC, Flask, Django, RabbitMQ, Kafka, Jira, Django REST framework, presentation, MongoDB, Python, Docker, REST API",Backend Developer,Hard
"CSS, design systems, prototyping, accessibility, wireframing",UI/UX Designer,Easy
"pandas, python, classification, Jupyter, data wrangling, numpy, hypothesis testing, clustering",Data Scientist,Easy
"leadership, communication, OpenTelemetry, capacity planning, error budgets, Grafana, Docker, Python, runbooks, Linux",Site Reliability Engineer,Hard
"networking, Docker, CDN, cloud architecture, Jira, EC2, scrum, Azure",Cloud Engineer,Easy
"I2C, presentation, debugging, AUTOSAR, GPIO, microcontrollers, SPI, Linux kernel, RTOS, C++",Embedded Systems Engineer,Medium
"scikit-learn, triton, model evaluation, transformers, machine learning, time management, tensorflow, MLOps",AI/ML Engineer,Medium
"test planning, contract testing, Cypress, Python, scrum, communication, test automation, BDD, API testing, Postman",QA Automation Engineer,Medium
"python, scikit-learn, pandas, clustering, documentation, leadership, SQL, numpy, regression",Data Scientist,Easy
"monitoring, Kubernetes, Python, automation, Jenkins, Linux, AWS",DevOps Engineer,Medium
"Git, JWT, JavaScript, GraphQL, NoSQL, Mongo, scrum, SSR, MongoDB, Express, CSS, HTML, React, agile, Docker, TypeScript",Full Stack Developer,Medium
"Kubernetes, Istio, Confluence, automation, Prometheus, Git, Jenkins",DevOps Engineer,Medium
"monitoring, Linux, Git, Kubernetes, ArgoCD, CI/CD, Docker, AWS, Python",DevOps Engineer,Hard
"GraphQL, Git, Node.js, Next.js, PostgreSQL, React, JavaScript, Node, NodeJS, TypeScript",Full Stack Developer,Easy
"Node.js, CSS, Git, REST API, leadership, PostgreSQL",Full Stack Developer,Easy
"threat detection, Linux, cryptography, threat intelligence, network security, compliance, firewalls, exploit development, malware analysis, vulnerability assessment, penetration testing",Cybersecurity Analyst,Hard
"Git, JavaScript, Node.js, React, Kubernetes, GraphQL, Node, MongoDB, HTML, NodeJS, Redux, Docker",Full Stack Developer,Medium
"REST API, Next.js, GraphQL, Docker, MongoDB, React, JavaScript",Full Stack Developer,Easy
"keras, computer vision, NLP, MLOps, scikit-learn, machine learning, model quantization, deep learning",AI/ML Engineer,Medium
"scikit-learn, machine learning, time management, distributed training, feature engineering, pytorch, CNN, numpy",AI/ML Engineer,Medium
"Selenium WebDriver, SQL, Selenium, Pytest, test planning, documentation, Python, Cucumber, BDD, JUnit, CI/CD, behavior-driven development",QA Automation Engineer,Medium
"Node.js, React.js, ReactJS, Redux, React, Kubernetes, MongoDB, GraphQL, CSS, Express, JavaScript, AWS",Full Stack Developer,Medium
"scrum, python, regression, seaborn, agile, pandas, R, matplotlib, SQL, dbt, classification",Data Scientist,Medium
"PostgreSQL, agile, NoSQL, WebSockets, MongoDB, React, TypeScript, Mongo, JavaScript, REST API",Full Stack Developer,Medium
"firewalls, threat detection, SOC, penetration testing, vulnerability assessment, cryptography, SIEM, network security",Cybersecurity Analyst,Easy
"information architecture, user research, leadership, wireframing, Jira, Figma, interaction design, Adobe XD, prototyping",UI/UX Designer,Easy
"Python, ETL, SQL, reporting, Excel, business intelligence, KPI tracking, dbt",Data Analyst,Medium
"Linux, network security, firewalls, Nmap, Python, vulnerability assessment, threat detection",Cybersecurity Analyst,Easy
"Docker, TypeScript, Node.js, JavaScript, Next.js, CSS, GraphQL, Redux, MongoDB, React, AWS, WebSockets",Full Stack Developer,Medium
"Web3.js, NFT, Hardhat, DeFi, Solidity, smart contracts, cryptography, Jira",Blockchain Developer,Easy
"ELK, Go, observability, Linux, Prometheus, SLO/SLA, ELK stack, Elasticsearch Logstash Kibana, AWS, leadership",Site Reliability Engineer,Medium
"Selenium, JUnit, Postman, Docker, Python, performance testing, API testing, test planning, Confluence, CI/CD, k6, JMeter",QA Automation Engineer,Hard
"SLO/SLA, Linux, communication, AWS, OpenTelemetry, Python, leadership, runbooks, Kubernetes, chaos engineering, Go, Prometheus, incident management, on-call",Site Reliability Engineer,Hard
"ArgoCD, Jenkins, Bash scripting, Git, automation, Ansible, Prometheus, AWS, Linux",DevOps Engineer,Medium
"React, REST API, TypeScript, Redux, HTML, Git, ReactJS, React.js, PostgreSQL, GraphQL, JavaScript, CSS",Full Stack Developer,Easy
"KPI tracking, ETL, pivot tables, dashboard design, Excel, SQL, data cleaning",Data Analyst,Easy
"GPIO, SPI, Python, safety-critical systems, I2C, Verilog, documentation, RTOS, debugging, Linux kernel, C, real-time operating system, microcontrollers, firmware",Embedded Systems Engineer,Medium
"pivot tables, reporting, SQL, dashboard design, time management, agile, KPI tracking, Metabase",Data Analyst,Medium
"Substrate, ZK proofs, leadership, consensus algorithms, Truffle, DeFi, Ethereum, Solidity, Go, Web3.js, Confluence, Rust",Blockchain Developer,Hard
"JUnit, test planning, Cypress, Jira, Selenium, leadership, Git, Selenium WebDriver, k6",QA Automation Engineer,Medium
"RTOS, debugging, Linux kernel, GPIO, C++, scrum, SPI",Embedded Systems Engineer,Easy
"regression, classification, statistics, hypothesis testing, seaborn, python, numpy, feature selection, Jira, data wrangling",Data Scientist,Easy
"Solidity, Web3.js, Ethereum, IPFS, Go, JavaScript, DAO governance, DeFi",Blockchain Developer,Medium
"API testing, BDD, test automation, Cypress, Cucumber, Playwright, SQL, Pact, JMeter, behavior-driven development, Python",QA Automation Engineer,Hard
"test automation, SQL, Python, behavior-driven development, Playwright, BDD, API testing, CI/CD, JMeter, Confluence, test planning, Pytest, JUnit, presentation",QA Automation Engineer,Hard
"CDN, Jira, cloud architecture, Terraform, networking, Docker",Cloud Engineer,Easy
"API testing, Postman, Selenium, Git, test planning",QA Automation Engineer,Easy
"Kubernetes, AWS, Grafana, Prometheus, Python, Jira, incident management, on-call, Linux",Site Reliability Engineer,Medium
"threat detection, Python, OWASP, cryptography, presentation, forensics, threat intelligence, Jira, compliance, network security",Cybersecurity Analyst,Medium
"microcontrollers, C++, GPIO, debugging, safety-critical systems, SPI, RTOS, oscilloscope, ARM, leadership, ARM Cortex, ARM architecture, C",Embedded Systems Engineer,Medium
"JWT, server-side development, Node.js, MongoDB, message queues, scrum, Confluence, gRPC, Python",Backend Developer,Hard
"Kotlin, JavaScript, iOS, REST API, native modules, mobile UI, Confluence, Git, Firebase, Android, Swift, teamwork",Mobile App Developer,Medium
"user research, time management, HTML, prototyping, user flows, wireframing, interaction design, Figma, scrum",UI/UX Designer,Easy
"SQL, Docker, REST API, Confluence, Git, server-side development, FastAPI, PostgreSQL",Backend Developer,Easy
"pandas, neural networks, OpenCV, numpy, time management, machine learning, deep learning, scikit-learn",AI/ML Engineer,Easy
"Selenium WebDriver, CI/CD, JUnit, contract testing, Git, agile, SQL, test planning, Selenium, Postman, Pytest, test automation, Python, scrum",QA Automation Engineer,Medium
"Kotlin, Android, app store deployment, JavaScript, TypeScript, Flutter, presentation, mobile UI, React Native, Firebase, Dart, Git, communication",Mobile App Developer,Medium
"Git, NoSQL, CSS, Next.js, Redux, React, GraphQL, TypeScript, Mongo, JavaScript, Kubernetes, teamwork, MongoDB, scrum",Full Stack Developer,Medium
"regression, hypothesis testing, feature selection, statistics, python, documentation, classification, pandas, R, scikit-learn",Data Scientist,Medium
"numpy, pandas, OpenCV, diffusion models, keras, RLHF, teamwork, model quantization, pytorch, LSTM, CNN, machine learning, tensorflow",AI/ML Engineer,Hard
"data cleaning, reporting, business intelligence, scrum, Excel, data visualization, SQL, dashboard design",Data Analyst,Easy
"usability testing, Adobe XD, information architecture, Jira, UI design tool, wireframing, Figma, Figma design, user research, interaction design, A/B testing",UI/UX Designer,Medium
"test automation, Docker, contract testing, Cypress, leadership, Selenium, agile, BDD, Python, Git, Postman",QA Automation Engineer,Medium
"Solidity, ZK proofs, NFT, cryptography, Ethereum, Web3.js, Hardhat, consensus algorithms, JavaScript, smart contracts",Blockchain Developer,Medium
"IPFS, smart contracts, Web3.js, Ethereum, Web3, Go, web3, consensus algorithms, Truffle, NFT, Jira, Solidity",Blockchain Developer,Medium
"Bayesian statistics, A/B testing, classification, seaborn, scikit-learn, python, pandas",Data Scientist,Medium
"NFT, Web3.js, Rust, Solidity, smart contracts, Ethereum, Truffle, time management, scrum",Blockchain Developer,Medium
"Google Sheets, advanced SQL, SQL, BigQuery, data cleaning, Python, reporting, Power BI, window functions, ETL",Data Analyst,Hard
"statistics, data wrangling, Spark, PostgreSQL, communication, seaborn, scikit-learn, regression, SQL, pandas, database queries, numpy, Confluence, Airflow, R, MySQL",Data Scientist,Hard
"keras, transformers, feature engineering, pandas, CNN, diffusion models, kubeflow, tensorflow, scikit-learn, OpenCV",AI/ML Engineer,Medium
"agile, design systems, wireframing, prototyping, user flows, design tokens, motion design, information architecture, scrum, user research",UI/UX Designer,Medium
"object oriented, OOP, Git, Java, C++, Python, code review, Rust, data structures, object-oriented programming, presentation",Software Engineer,Medium
"cloud architecture, EC2, AWS, Lambda, Confluence, teamwork, S3, IAM, Linux",Cloud Engineer,Medium
"consensus algorithms, NFT, smart contracts, smart contract language, Solidity, IPFS, Web3.js, JavaScript, DAO governance, leadership, cryptography",Blockchain Developer,Medium
"GCP, Terraform, Docker, load balancing, cloud architecture, IAM, CDN, FinOps, Azure, AWS, Linux",Cloud Engineer,Medium
"React, MongoDB, Docker, performance optimization, REST API, GraphQL, Redux, CSS, Kubernetes",Full Stack Developer,Medium
"threat detection, cryptography, communication, incident response, Linux, compliance, SOC",Cybersecurity Analyst,Easy
"Git, Python, Linux, chaos engineering, SLO/SLA, reliability targets, Jaeger, AWS, service level objectives, Go",Site Reliability Engineer,Hard
"Linux, design patterns, OOP, time management, data structures, object oriented, C++, object-oriented programming, Git, SQL, scrum, performance profiling",Software Engineer,Medium
"leadership, Node.js, CSS, Redux, TypeScript, Next.js, JavaScript",Full Stack Developer,Easy
"JavaScript, TypeScript, OAuth, Git, MongoDB, Express, communication, GraphQL, Mongo, PostgreSQL, NoSQL, Confluence, Node.js",Full Stack Developer,Medium
"data cleaning, Snowflake, ETL, advanced SQL, Python, reporting, BigQuery, Google Sheets, KPI tracking, SQL, time management",Data Analyst,Hard
"numpy, dbt, SQL, A/B testing, time management, regression, data wrangling, classification, scikit-learn, pandas, python",Data Scientist,Medium
"SQL, Selenium, Postman, Cucumber, scrum, Python, Cypress, Docker, Git",QA Automation Engineer,Easy
"Selenium WebDriver, Git, test planning, JUnit, JMeter, Selenium, Pytest, test automation",QA Automation Engineer,Medium
"PostgreSQL, TypeScript, Next.js, HTML, Docker, CSS, scrum, SSR, agile",Full Stack Developer,Medium
"Linux, network security, documentation, leadership, vulnerability assessment, compliance, incident response, threat detection, Python, Wireshark, firewalls",Cybersecurity Analyst,Easy
"leadership, monitoring, Docker, Git, Python, automation, Prometheus, AWS",DevOps Engineer,Medium
"Linux, penetration testing, OWASP, Wireshark, Python, threat detection, leadership, network security, Nmap, firewalls",Cybersecurity Analyst,Easy
"Kubernetes, SLO/SLA, service level objectives, Linux, Python, Prometheus, Terraform, incident management, scrum, reliability targets, Confluence",Site Reliability Engineer,Medium
"on-call, Linux, ELK stack, observability, capacity planning, SLO/SLA, Grafana, error budgets, incident management, Prometheus",Site Reliability Engineer,Medium
"time management, pandas, machine learning, python, TensorFlow, model evaluation, tensorflow, numpy, TF, feature engineering, Jira",AI/ML Engineer,Easy
"leadership, Excel, reporting, Tableau, data visualization, Power BI, KPI tracking, dashboard design, BigQuery, teamwork, Looker, data modeling, SQL",Data Analyst,Hard
"incident response, exploit development, ethical hacking, penetration testing, pen testing, Python, firewalls, network security, Jira",Cybersecurity Analyst,Medium
"UART, leadership, RTOS, FreeRTOS, GPIO, real-time operating system, scrum, C",Embedded Systems Engineer,Easy
"consensus algorithms, Solidity, agile, NFT, smart contracts, DeFi, Hardhat, Web3.js, Rust, Ethereum",Blockchain Developer,Medium
"cloud security, IAM, Google Cloud, multi-cloud, CDN, CloudFormation, VPC, Terraform, Docker, Google Cloud Platform, Azure, GCP, AWS",Cloud Engineer,Hard
"Git, React Native, REST API, iOS, Bluetooth, Redux",Mobile App Developer,Medium
"test planning, test automation, Pytest, contract testing, Jira, Python, Postman, API testing",QA Automation Engineer,Medium
"AWS, incident management, SLO/SLA, Terraform, scrum, Docker, agile, Grafana, Python",Site Reliability Engineer,Medium
"data visualization, Google Sheets, Jira, Excel, dashboard design, business intelligence, Metabase, pivot tables",Data Analyst,Medium
"teamwork, Node.js, Confluence, Git, FastAPI, REST API, PostgreSQL",Backend Developer,Easy
"triton, TF, numpy, scikit-learn, TensorFlow, huggingface, Jira, CNN, tensorflow, machine learning, model evaluation, deep learning, RNN, kubeflow",AI/ML Engineer,Medium
"GraphQL, React, HTML, TypeScript, REST API, Next.js, CSS, JavaScript, PostgreSQL, microservices",Full Stack Developer,Medium
"teamwork, reporting, KPI tracking, Power BI, Excel, business intelligence, agile",Data Analyst,Easy
"KPI tracking, dashboard design, scrum, time management, data cleaning, Google Sheets, business intelligence, Tableau, data visualization, Tableau Server, Metabase, Excel, data modeling, Tableau Desktop",Data Analyst,Medium
"Python, C++, FreeRTOS, debugging, RTOS, bootloader development, SPI, Linux kernel, real-time operating system",Embedded Systems Engineer,Medium
"data visualization, Excel, pivot tables, leadership, Looker, KPI tracking, scrum, business intelligence, Tableau Desktop, Tableau, SQL, Tableau Server",Data Analyst,Medium
"IPFS, cryptography, consensus algorithms, Solidity, Ethereum, Web3.js, Go, DeFi, Hardhat",Blockchain Developer,Medium
"GPIO, C, oscilloscope, documentation, debugging, bootloader development, I2C, SPI, C++, firmware",Embedded Systems Engineer,Medium
"Jupyter, A/B testing, pandas, regression, feature selection, numpy, documentation, SQL, scikit-learn",Data Scientist,Medium
"VHDL, scrum, RTOS, microcontrollers, ARM, UART, Python, C++, FreeRTOS, GPIO, I2C",Embedded Systems Engineer,Medium
"Nmap, Linux, firewalls, presentation, penetration testing, Wireshark, incident response, CVE research, compliance, Python, documentation",Cybersecurity Analyst,Medium
"Google Sheets, ETL, business intelligence, agile, reporting, Tableau, data visualization, KPI tracking, SQL, Excel",Data Analyst,Easy
"DSP, oscilloscope, FPGA, documentation, microcontrollers, AUTOSAR, FreeRTOS, C++, SPI, firmware, teamwork, Python, C",Embedded Systems Engineer,Hard
"TypeScript, mobile UI, Firebase, Kotlin, iOS, JavaScript, Redux",Mobile App Developer,Easy
"Python, Git, OOP, C++, system design, SQL, leadership, Java, algorithms, problem solving",Software Engineer,Easy
"Terraform, distributed tracing, incident management, Go, AWS, OpenTelemetry, leadership, Python, time management, runbooks, observability, on-call",Site Reliability Engineer,Hard
"CSS, user research, Figma, low-fidelity design, wireframes, user flows, interaction design, wireframing, Adobe XD, prototyping",UI/UX Designer,Easy
"Jenkins, Ansible, Git, Bash scripting, Linux, Prometheus, SRE practices, Docker, CI/CD, Grafana, monitoring",DevOps Engineer,Medium
"JWT, Redis, REST API, MongoDB, PostgreSQL, RabbitMQ, server-side development",Backend Developer,Medium
"Sketch, prototyping, accessibility, user flows, Figma, user research, design systems, wireframing",UI/UX Designer,Easy
"caching strategies, Kafka, FastAPI, Docker, fast api, JWT, REST API, PostgreSQL, Django, gRPC, Git, Python API, Python",Backend Developer,Hard
"AWS, Grafana, Docker, Terraform, SLO/SLA, observability, Python, service level objectives, reliability targets, time management, runbooks, Prometheus",Site Reliability Engineer,Medium
"OOP, Python, problem solving, Java, data structures, code review, time management, system design, C++, Confluence, Git, SQL",Software Engineer,Easy
"Android, TypeScript, React Native, offline-first, Redux, time management, Kotlin, iOS, Firebase, JavaScript, cross-platform mobile, ARKit, RN",Mobile App Developer,Medium
"Terraform, toil reduction, runbooks, Grafana, incident management, Prometheus, error budgets, leadership, ELK stack, SLO/SLA, chaos engineering, Python, documentation",Site Reliability Engineer,Hard
"CNN, MLOps, scikit-learn, deep learning, machine learning, pytorch, python, feature engineering, RNN, pandas",AI/ML Engineer,Medium
"Python, dashboard design, pivot tables, SQL, KPI tracking, reporting, Google Sheets, business intelligence, Looker, Excel, Metabase",Data Analyst,Medium
"oscilloscope, DSP, Verilog, Linux kernel, C, C++, leadership, firmware, UART, ARM, I2C, agile, RTOS",Embedded Systems Engineer,Medium
"usability testing, prototyping, user flows, Figma, information architecture, interaction design, design tokens, wireframing, Figma design, UI design tool, user research",UI/UX Designer,Medium
"information architecture, Adobe XD, Jira, Confluence, user research, motion design, Figma, service design, prototyping, design systems, wireframing",UI/UX Designer,Medium
"Python, SQL, REST API, microservices, Django, authentication, server-side development, PostgreSQL, RabbitMQ, JWT",Backend Developer,Hard
"HTML, CSS, design systems, Adobe XD, usability testing, user research, interaction design, wireframing",UI/UX Designer,Easy
"OpenCV, deep learning, CNN, huggingface, machine learning, python, communication, keras, Jira, feature engineering, pandas",AI/ML Engineer,Easy
"threat detection, SIEM, vulnerability assessment, firewalls, Linux, CVE research, communication, network security, compliance, leadership",Cybersecurity Analyst,Medium
"time management, compliance, Python, SIEM, incident response, threat detection, SOC, penetration testing, firewalls, Linux",Cybersecurity Analyst,Easy
"Flutter/Dart, mobile UI, TypeScript, Firebase, Git, offline-first, Kotlin, REST API, Google Flutter, Bluetooth, Flutter, native modules, time management",Mobile App Developer,Hard
"CI/CD, Linux, Kubernetes, Python, Jenkins, Terraform, Grafana, Git, Docker, Ansible, Jira",DevOps Engineer,Medium
"Wireshark, Linux, cryptography, SIEM, malware analysis, threat detection, presentation",Cybersecurity Analyst,Medium
"SQL, scrum, pandas, teamwork, hypothesis testing, forecasting, classification, Bayesian statistics, seaborn, python, feature selection, Jupyter",Data Scientist,Medium
"cloud architecture, GCP, IAM, CDN, Kubernetes, Terraform",Cloud Engineer,Medium
"Hadoop, seaborn, R, SQL, hypothesis testing, dbt, numpy, statistics, A/B testing, scikit-learn, Jira, python",Data Scientist,Hard
"Bash scripting, continuous deployment, container orchestration, pipeline, Linux, continuous integration, Prometheus, leadership, Kubernetes, CI/CD, Ansible, Docker, K8s, GitOps",DevOps Engineer,Hard
"test planning, Jira, Git, CI/CD, Python, JMeter, SQL, Cypress, leadership, BDD, Selenium",QA Automation Engineer,Medium
"user flows, Figma, design systems, user research, prototyping, interaction design, wireframing",UI/UX Designer,Easy
"pandas, RNN, leadership, deep learning, machine learning, tensorflow, numpy, transformers, scikit-learn, torch, MLOps, pytorch, PyTorch, keras, diffusion models",AI/ML Engineer,Medium
"Linux, Jira, incident response, SOC, network security, threat detection, teamwork, compliance, firewalls, penetration testing",Cybersecurity Analyst,Easy
"Git, monitoring, Docker, scrum, continuous integration, Python, Linux, CI/CD, pipeline, Bash scripting, Jenkins, continuous deployment, communication",DevOps Engineer,Medium
"Go, SLO/SLA, Git, Grafana, Terraform, Linux, Python, reliability targets, chaos engineering, service level objectives, incident management",Site Reliability Engineer,Medium
"vulnerability assessment, Linux, Wireshark, threat detection, firewalls, network security, documentation, Nmap, SOC, scrum",Cybersecurity Analyst,Easy
"Python, Prometheus, Jira, leadership, service mesh, Linux, Docker, Kubernetes, Bash scripting, automation",DevOps Engineer,Medium
"business intelligence, Power BI, Jira, PowerBI, Microsoft Power BI, KPI tracking, reporting, presentation, SQL, ETL, pivot tables",Data Analyst,Easy
"SQL, business intelligence, Excel, Power BI, ETL, reporting, Looker, dashboard design, data visualization",Data Analyst,Medium
"fast api, Flask, PostgreSQL, SQL, Python API, MongoDB, Git, server-side development, gRPC, REST API, FastAPI",Backend Developer,Medium
"consensus algorithms, cross-chain bridges, Web3.js, Solidity, Rust, Hardhat, communication, Cosmos SDK, smart contracts",Blockchain Developer,Hard
"documentation, AWS, Kubernetes, Bash scripting, time management, Linux, Python, Jenkins, Prometheus, CI/CD",DevOps Engineer,Hard
"HTML, Adobe XD, leadership, eye tracking, UI design tool, design systems, CSS, interaction design, Figma design, usability testing, wireframing, prototyping, documentation, user research, Figma",UI/UX Designer,Medium
"IPFS, Ethereum, consensus algorithms, Go, cryptography, smart contracts",Blockchain Developer,Medium
"documentation, regression, clustering, numpy, matplotlib, pandas, SQL",Data Scientist,Easy
"automation, Git, CI/CD, AWS, Docker, Python, Jenkins, communication, SRE practices, Ansible, Grafana, Terraform",DevOps Engineer,Hard
"ARM, scrum, DSP, SPI, Linux kernel, C++, Jira, I2C, firmware",Embedded Systems Engineer,Medium
"design systems, Figma, user research, service design, communication, wireframing, CSS, Adobe XD, prototyping",UI/UX Designer,Medium
"wireframing, Figma, information architecture, HTML, CSS, UI design tool, eye tracking, Figma design, prototyping, user research, interaction design",UI/UX Designer,Medium
"deep learning, OpenCV, huggingface, machine learning, distributed training, python",AI/ML Engineer,Medium
"Linux, concurrency, OOP, object-oriented programming, Java, design patterns, C++, object oriented, Python, SQL, problem solving",Software Engineer,Medium
"Jira, Airflow, feature selection, scikit-learn, SQL, Confluence, PostgreSQL, classification, MySQL, clustering, data wrangling, database queries, pandas, seaborn",Data Scientist,Medium
"CSS, TypeScript, leadership, Node.js, HTML, Docker, OAuth, scrum, React, Next.js, PostgreSQL, REST API, MongoDB",Full Stack Developer,Medium
"incident response, communication, threat detection, OWASP, Wireshark, SIEM, cryptography, Linux, SOC, firewalls",Cybersecurity Analyst,Easy
"cryptography, Linux, firewalls, OWASP, network security, threat detection, penetration testing, presentation, time management",Cybersecurity Analyst,Easy
"Web3, DeFi, JavaScript, Web3.js, Rust, Ethereum, smart contracts, scrum, web3",Blockchain Developer,Medium
"REST API, Firebase, Dart, Android, JavaScript, React Native, mobile UI",Mobile App Developer,Easy
"Jira, OpenTelemetry, observability, time management, Terraform, incident management, Kubernetes, Python, capacity planning, Go",Site Reliability Engineer,Hard
"Ethereum, Layer 2, cryptography, JavaScript, Rust, Confluence, NFT, communication, Cosmos SDK, smart contracts",Blockchain Developer,Hard
"Git, Node.js, HTML, GraphQL, Docker, documentation, Kubernetes, Node, AWS, Redux, communication, NodeJS",Full Stack Developer,Medium
"pandas, pytorch, transformers, machine learning, presentation, triton, CNN, RNN, OpenCV, keras",AI/ML Engineer,Medium
"design systems, UI design tool, agile, CSS, HTML, usability testing, Figma design, Figma, Jira, prototyping",UI/UX Designer,Easy
"Terraform, documentation, Python, toil reduction, runbooks, Linux, Git, agile, Docker",Site Reliability Engineer,Medium
"Git, MongoDB, Next.js, PostgreSQL, Node.js, HTML, React, Redux, CI/CD, TypeScript, JWT",Full Stack Developer,Medium
"leadership, data structures, Git, OOP, communication, SQL, Python, debugging, Java, system design, Linux",Software Engineer,Easy
"Grafana, ELK, incident management, Jira, toil reduction, observability, Docker, on-call, presentation, AWS, Go, ELK stack, Elasticsearch Logstash Kibana",Site Reliability Engineer,Hard
"Web3, Hardhat, smart contract language, JavaScript, web3, presentation, cryptography, time management, Ethereum, Go, smart contracts, Solidity, Web3.js",Blockchain Developer,Medium
"REST API, SQL, Redis, Docker, JWT, database optimization, microservices, Node.js",Backend Developer,Hard
"Power BI, pivot tables, SQL, window functions, Tableau, business intelligence, Google Sheets, reporting, dashboard design, PowerBI, data visualization, Microsoft Power BI, Metabase",Data Analyst,Medium
"HTML, presentation, JavaScript, React, Redux, TypeScript, Docker, Next.js, REST API, CSS, communication",Full Stack Developer,Easy
"Python, debugging, leadership, Java, data structures, SQL, Git, code review, performance profiling, algorithms",Software Engineer,Medium
"Adobe XD, service design, Figma, wireframing, user research, Figma design, Sketch, UI design tool, component libraries, design tokens, usability testing, documentation",UI/UX Designer,Hard
"Jira, Wireshark, threat detection, incident response, compliance, Linux, firewalls, network security",Cybersecurity Analyst,Easy
"Grafana, monitoring, automation, agile, Ansible, GitOps, Jenkins, CI/CD, Terraform, Prometheus, scrum",DevOps Engineer,Medium
"FinOps, Prometheus, CI/CD, Kubernetes, Docker, AWS, monitoring, Python, Linux, ArgoCD, Git",DevOps Engineer,Hard
"AWS, Git, CI/CD, Bash scripting, time management, Ansible, documentation, GitOps, automation",DevOps Engineer,Hard
"documentation, firewalls, network security, compliance, incident response, vulnerability assessment, penetration testing, Wireshark, cryptography",Cybersecurity Analyst,Easy
"agile, on-call, Docker, Go, SLO/SLA, Grafana, Linux, incident management, Git, Confluence, Prometheus, Python",Site Reliability Engineer,Medium
"Docker, Google Cloud Platform, cloud security, networking, GCP, Azure, IAM, Kubernetes, CDN, Linux, Google Cloud",Cloud Engineer,Medium
"Python, time management, monitoring, Bash scripting, scrum, Docker, Kubernetes, Grafana, Linux, Terraform, Git, automation, ArgoCD",DevOps Engineer,Medium
"JMeter, test planning, Git, Playwright, API testing, Cypress, Python, Docker",QA Automation Engineer,Medium
"Cucumber, Docker, Selenium WebDriver, BDD, JMeter, Selenium, Python, Git, API testing, Pytest",QA Automation Engineer,Medium
"LSTM, python, image classification, OpenCV, deep learning, machine learning, convolutional neural network, distributed training, CNN, neural networks",AI/ML Engineer,Medium
"Confluence, native modules, Redux, communication, Git, Android, JavaScript, iOS",Mobile App Developer,Medium
"Linux, Jenkins, monitoring, Ansible, ArgoCD, Terraform, Docker",DevOps Engineer,Medium
"Git, Python, Java, OOP, C++, unit testing, algorithms, Linux, data structures, design patterns",Software Engineer,Easy
"smart contracts, Layer 2, Web3.js, Ethereum, Substrate, Truffle, IPFS, Rust, Go, JavaScript, tokenomics",Blockchain Developer,Hard
"Linux, cloud architecture, networking, AWS, CDN, Terraform, EC2",Cloud Engineer,Medium
"Docker, React, Next.js, presentation, GraphQL, JavaScript, Git, ReactJS, MongoDB, React.js, REST API",Full Stack Developer,Easy
"S3, networking, Linux, Docker, cloud architecture, teamwork, cloud security, IAM, GCP, presentation",Cloud Engineer,Medium
"JWT, SQL, Flask, Node.js, Python, leadership, authentication, Django, Git, MongoDB",Backend Developer,Medium
"smart contract language, cryptography, Web3.js, JavaScript, smart contracts, Confluence, Ethereum, Go, Solidity, Truffle, IPFS, agile",Blockchain Developer,Medium
"vulnerability assessment, Nmap, SIEM, Linux, network security, firewalls, incident response, agile, Wireshark, cryptography, threat detection",Cybersecurity Analyst,Easy
"wireframing, accessibility, HTML, information architecture, user research, interaction design, low-fidelity design, Adobe XD, Jira, design tokens, wireframes",UI/UX Designer,Medium
"Git, FastAPI, Django REST framework, Django, Python, REST API, authentication, Redis, JWT, Node.js, RabbitMQ, scrum, SQL",Backend Developer,Medium
"dbt, numpy, data wrangling, hypothesis testing, scikit-learn, statistics, pandas, teamwork, A/B testing, feature selection, regression, communication",Data Scientist,Medium
"agile, Grafana, automation, K8s, chaos engineering, Bash scripting, Python, Docker, container orchestration, GitOps, Git, Prometheus, Kubernetes",DevOps Engineer,Hard
"leadership, Pytest, Postman, Cypress, test planning, Selenium, JUnit, Confluence",QA Automation Engineer,Easy
"monitoring, Confluence, Kubernetes, Bash scripting, Prometheus, Python, automation, Istio, service mesh, GitOps, Linux",DevOps Engineer,Hard
"REST API, time management, JavaScript, iOS, Redux, documentation, TypeScript, Git",Mobile App Developer,Easy
"Docker, SQL, test planning, BDD, Git, performance testing, Python, Selenium, test automation",QA Automation Engineer,Medium
"pandas, machine learning, scikit-learn, LSTM, NLP, RNN, CUDA, huggingface, deep learning, tensorflow",AI/ML Engineer,Medium
"documentation, AWS, IAM, EC2, S3, Terraform, cloud architecture",Cloud Engineer,Medium
"Adobe XD, wireframing, prototyping, usability testing, HTML, Figma, user research, CSS",UI/UX Designer,Easy
"FastAPI, agile, Python, gRPC, Docker, MongoDB, time management, PostgreSQL, Git, Node.js",Backend Developer,Medium
"C++, Go, Python, debugging, code review, SQL, performance profiling, algorithms, Git, problem solving, data structures, communication, unit testing",Software Engineer,Medium
"Google Flutter, TypeScript, Flutter, native modules, Dart, time management, Firebase, Git, Android, Flutter/Dart, REST API, leadership, JavaScript",Mobile App Developer,Medium
"wireframing, HTML, eye tracking, motion design, Figma, CSS, accessibility, user flows, interaction design, information architecture",UI/UX Designer,Medium
"Git, Redux, JavaScript, Confluence, Flutter, Swift, Kotlin, Android, mobile UI, React Native, agile",Mobile App Developer,Easy
"Lambda, cloud architecture, GCP, serverless, Pulumi, AWS, CDN, Docker, Linux, load balancing, Terraform",Cloud Engineer,Hard
"Web3.js, tokenomics, MEV, Rust, consensus algorithms, smart contracts, IPFS, cryptography, Truffle, Substrate",Blockchain Developer,Hard
"scrum, Google Sheets, Python, Power BI, SQL, reporting, Excel, dashboard design",Data Analyst,Easy
"CI/CD, Python, monitoring, SRE practices, Jenkins, Docker, automation, Terraform, time management, Linux, AWS",DevOps Engineer,Hard
"regression, pandas, SQL, classification, A/B testing, clustering",Data Scientist,Medium
"Kubernetes, EC2, Amazon Web Services, CloudFormation, AWS, Amazon cloud, networking, Confluence, Azure, VPC",Cloud Engineer,Hard
"Figma, low-fidelity design, wireframing, information architecture, Sketch, interaction design, usability testing, HTML, A/B testing, wireframes, design tokens, CSS",UI/UX Designer,Medium
"ARM architecture, firmware, Confluence, oscilloscope, ARM, RTOS, real-time operating system, GPIO, ARM Cortex, microcontrollers, C, communication",Embedded Systems Engineer,Easy
"numpy, RNN, pandas, documentation, Confluence, ONNX, pytorch, feature engineering",AI/ML Engineer,Medium
"scrum, communication, AWS, CDN, Linux, Amazon Web Services, serverless, Docker, Terraform, FinOps, networking, Amazon cloud, S3, IAM, VPC, multi-cloud",Cloud Engineer,Hard
"time management, compliance, network security, Nmap, Wireshark, SIEM, Linux, Python, firewalls, incident response, scrum",Cybersecurity Analyst,Easy
"Prometheus, Linux, error budgets, Git, Jaeger, leadership, observability, incident management, ELK stack, Python",Site Reliability Engineer,Medium
"REST API, CSS, teamwork, React.js, PostgreSQL, ReactJS, React, Docker, JavaScript, Next.js",Full Stack Developer,Easy
"python, clustering, feature selection, hypothesis testing, statistics, pandas, Airflow",Data Scientist,Medium
"feature selection, Spark, regression, python, clustering, numpy, Jira, classification, scikit-learn, pandas, A/B testing",Data Scientist,Medium
"problem solving, algorithms, memory management, leadership, Git, documentation, Java, SQL, unit testing",Software Engineer,Medium
"Confluence, Node.js, Git, Next.js, OAuth, GraphQL, JavaScript, HTML, microservices, Docker, React, PostgreSQL",Full Stack Developer,Medium
"SPI, microcontrollers, RTOS, C++, VHDL, DSP, debugging, oscilloscope, firmware, Python, documentation, ARM, communication",Embedded Systems Engineer,Medium
"UI design tool, Figma design, communication, Sketch, HTML, Figma, wireframing, Adobe XD, user research, service design",UI/UX Designer,Medium
"concurrency, algorithms, OOP, unit testing, design patterns, debugging, teamwork, Python, SQL, Linux",Software Engineer,Medium
"Google Sheets, pivot tables, Metabase, Tableau, business intelligence, data visualization, SQL, Excel, Python, data cleaning",Data Analyst,Medium
"design patterns, scrum, Git, OOP, Linux, system design, compiler design, time management, problem solving, code review, Java, algorithms, SQL",Software Engineer,Medium
"Figma, user research, CSS, HTML, prototyping, A/B testing, usability testing, accessibility",UI/UX Designer,Medium
"test planning, test automation, communication, Cypress, SQL, Git, API testing, JUnit, time management",QA Automation Engineer,Easy
"presentation, Azure, load balancing, Terraform, networking, teamwork, Linux, cloud architecture, CDN, Lambda",Cloud Engineer,Easy
"SQL, data cleaning, Tableau, PowerBI, Excel, data visualization, Microsoft Power BI, business intelligence, dbt, scrum, communication, reporting, Power BI, KPI tracking",Data Analyst,Medium
"system design, code review, design patterns, problem solving, algorithms, unit testing, Git, object-oriented programming, OOP, object oriented, teamwork, SQL",Software Engineer,Easy
"C, C++, debugging, teamwork, firmware, ARM, I2C, oscilloscope",Embedded Systems Engineer,Easy
"numpy, time management, scrum, CNN, pandas, keras, OpenCV, python",AI/ML Engineer,Easy
"S3, load balancing, networking, Azure, CloudFormation, VPC, time management, Lambda, cloud architecture, agile, AWS",Cloud Engineer,Medium
"CSS, Confluence, JavaScript, GraphQL, HTML, PostgreSQL, agile, REST API",Full Stack Developer,Easy
"API testing, Git, CI/CD, Selenium WebDriver, Playwright, BDD, leadership, Selenium, Confluence, Python, test automation",QA Automation Engineer,Medium
"NFT, Web3, JavaScript, Hardhat, Web3.js, Go, web3, Rust, smart contracts, communication",Blockchain Developer,Medium
"Git, problem solving, unit testing, Java, debugging, system design, Python, Rust, design patterns, data structures, algorithms",Software Engineer,Medium
"Sketch, interaction design, agile, accessibility, user research, A/B testing, prototyping, scrum, Figma",UI/UX Designer,Medium
"OOP, data structures, agile, unit testing, object oriented, documentation, design patterns, object-oriented programming, Python, problem solving, Git, C++, SQL",Software Engineer,Easy
"Selenium, Postman, scrum, behavior-driven development, JMeter, BDD, leadership, Git, test automation, SQL, Cypress",QA Automation Engineer,Medium
"server-side development, Node.js, PostgreSQL, MongoDB, documentation, Flask, REST API, Docker, Git, Python, authentication, presentation",Backend Developer,Easy
"agile, Docker, Redux, microservices, REST API, GraphQL, Node.js, scrum, CSS, OAuth",Full Stack Developer,Medium
"Python, KPI tracking, Google Sheets, Excel, ETL, Metabase, Snowflake, pivot tables, data cleaning, data visualization, SQL",Data Analyst,Medium
"OpenTelemetry, Terraform, Linux, AWS, presentation, runbooks, teamwork, error budgets, incident management, observability, Git, on-call, Jaeger",Site Reliability Engineer,Hard
"reporting, pivot tables, business intelligence, advanced SQL, data cleaning, Python, data visualization, presentation, SQL, Tableau",Data Analyst,Medium
"classification, pandas, Hadoop, hypothesis testing, scikit-learn, python, R, A/B testing, regression, data wrangling",Data Scientist,Hard
"offline-first, app store deployment, React Native, performance optimization, TypeScript, JavaScript, Kotlin, Android",Mobile App Developer,Hard
"microcontrollers, GPIO, RTOS, Linux kernel, firmware, FreeRTOS, oscilloscope",Embedded Systems Engineer,Easy
"AWS, Amazon Web Services, Azure, time management, Terraform, Amazon cloud, CloudFormation, Linux, Docker, networking, IAM, serverless",Cloud Engineer,Hard
"REST API, gRPC, RabbitMQ, Docker, MongoDB, Kafka, Flask, JWT, server-side development",Backend Developer,Hard
"user flows, Figma, design tokens, interaction design, scrum, information architecture, wireframes, leadership, low-fidelity design, wireframing",UI/UX Designer,Medium
"test planning, CI/CD, SQL, Python, JUnit, API testing, test automation, Selenium, Postman",QA Automation Engineer,Medium
"Nmap, network security, Linux, documentation, OWASP, threat detection, firewalls, Python",Cybersecurity Analyst,Easy
"SQL, clustering, statistics, numpy, pandas, causal inference, data wrangling, scikit-learn, Jupyter, scrum, feature selection",Data Scientist,Medium
"microcontrollers, I2C, firmware, ARM, FPGA, bootloader development, C++, RTOS, GPIO, SPI, UART, oscilloscope",Embedded Systems Engineer,Medium
"information architecture, Figma design, wireframing, accessibility, Sketch, Figma, Adobe XD, UI design tool, user flows, user research",UI/UX Designer,Easy
"FinOps, CI/CD, Grafana, Jenkins, SRE practices, AWS, Linux, Docker, automation, monitoring, communication, ArgoCD, Kubernetes, presentation",DevOps Engineer,Hard
"leadership, Linux, Docker, CDN, S3, multi-cloud, AWS, networking, Kubernetes, EC2, IAM, Azure",Cloud Engineer,Hard
"Lambda, Docker, Azure, Amazon cloud, networking, presentation, Amazon Web Services, load balancing, Kubernetes, cost optimization, S3, documentation, AWS, Linux, Pulumi",Cloud Engineer,Hard
"SOC, compliance, network security, OWASP, Linux, time management",Cybersecurity Analyst,Easy
"CSS, user research, motion design, design systems, component libraries, service design, usability testing, accessibility, time management, Sketch, Figma",UI/UX Designer,Hard
"Pulumi, cloud architecture, load balancing, Terraform, VPC, Azure, cloud security, GCP, Linux, time management",Cloud Engineer,Medium
"Nmap, penetration testing, forensics, exploit development, presentation, incident response, cryptography, network security, threat detection, Linux",Cybersecurity Analyst,Medium
"problem solving, Java, system design, unit testing, algorithms, scrum, presentation, Python, Git",Software Engineer,Easy
"leadership, CSS, Next.js, TypeScript, Docker, HTML, REST API, PostgreSQL, React, GraphQL, Kubernetes",Full Stack Developer,Medium
"Tableau Server, data visualization, dashboard design, Tableau Desktop, Tableau, ETL, SQL, reporting",Data Analyst,Easy
"compliance, Jira, time management, firewalls, vulnerability assessment, forensics, threat detection, Wireshark",Cybersecurity Analyst,Medium
"FreeRTOS, ARM, ARM Cortex, ARM architecture, communication, Python, C, Confluence, C++, FPGA, firmware",Embedded Systems Engineer,Medium
"ARKit, Redux, Git, mobile UI, scrum, offline-first, REST API, JavaScript, React Native, TypeScript, Swift, time management, Kotlin, iOS",Mobile App Developer,Medium
"design systems, prototyping, information architecture, Figma, Adobe XD, user research, HTML, A/B testing, wireframing",UI/UX Designer,Medium
"teamwork, presentation, RabbitMQ, PostgreSQL, SQL, Flask, Kafka, REST API, server-side development, JWT, Python, Django",Backend Developer,Hard
"Java, communication, Confluence, SQL, design patterns, Linux, data structures, code review, problem solving, system design",Software Engineer,Easy
"distributed training, CNN, scikit-learn, python, numpy, LSTM, neural networks, feature engineering, tensorflow, RLHF, machine learning",AI/ML Engineer,Medium
"C++, UART, safety-critical systems, firmware, Confluence, Python, C, FreeRTOS",Embedded Systems Engineer,Medium
"message queues, scrum, Django, REST API, Go, FastAPI, authentication, microservices, MongoDB, Git, Node.js, Python",Backend Developer,Hard
"authentication, REST API, scrum, Node.js, presentation, server-side development, PostgreSQL, gRPC, JWT, Redis, MongoDB, Git, SQL",Backend Developer,Medium
"observability, presentation, leadership, Terraform, Go, Elasticsearch Logstash Kibana, Linux, ELK, Kubernetes, ELK stack",Site Reliability Engineer,Medium
"keras, numpy, feature engineering, CNN, ONNX, deep learning, scikit-learn, pandas, model evaluation, transformers",AI/ML Engineer,Medium
"documentation, Substrate, Go, MEV, Web3.js, cross-chain bridges, consensus algorithms, Ethereum, Rust, agile, DeFi, cryptography",Blockchain Developer,Hard
"Helm, Docker, FinOps, documentation, Terraform, Ansible, Prometheus, Linux, Bash scripting, Kubernetes, CI/CD",DevOps Engineer,Hard
"microcontrollers, C++, Linux kernel, FPGA, documentation, UART, I2C",Embedded Systems Engineer,Medium
"memory management, system design, unit testing, Git, OOP, documentation, problem solving, teamwork, concurrency, code review, design patterns, Linux",Software Engineer,Medium
"firewalls, threat intelligence, Linux, communication, red teaming, incident response, security information and event management, malware analysis, cryptography, Python, SIEM",Cybersecurity Analyst,Hard
"REST API, Dart, Swift, communication, performance optimization, mobile UI, cross-platform mobile, React Native, TypeScript, Git, iOS, RN",Mobile App Developer,Medium
"data wrangling, regression, clustering, statistics, matplotlib, Spark, pandas",Data Scientist,Medium
"Firebase, JavaScript, Dart, REST API, scrum, RN, agile, React Native, Bluetooth, Kotlin, cross-platform mobile",Mobile App Developer,Medium
"RTOS, UART, oscilloscope, C, I2C, FPGA",Embedded Systems Engineer,Medium
"Python, error budgets, Git, AWS, chaos engineering, presentation, runbooks, observability, incident management, Grafana, scrum, toil reduction",Site Reliability Engineer,Hard
"feature engineering, leadership, documentation, pandas, python, model evaluation, keras, tensorflow, scikit-learn, computer vision",AI/ML Engineer,Easy
"Grafana, automation, Jenkins, FinOps, SRE practices, Docker, Ansible, Bash scripting, Linux, time management, scrum",DevOps Engineer,Medium
"K8s, Docker, Prometheus, container orchestration, Kubernetes, Python, Grafana, Terraform, Bash scripting, chaos engineering, ArgoCD, Linux, Confluence, automation",DevOps Engineer,Hard
"Git, Jenkins, Kubernetes, container orchestration, Prometheus, ArgoCD, CI/CD, agile, Linux, automation, Grafana, K8s",DevOps Engineer,Hard
"network security, Nmap, Linux, Python, incident response, firewalls, SOC",Cybersecurity Analyst,Easy
"feature engineering, numpy, transformers, deep learning, model evaluation, LSTM, machine learning, diffusion models, scikit-learn",AI/ML Engineer,Medium
"causal inference, statistics, python, regression, documentation, data wrangling, numpy, Jupyter, Jira, SQL, clustering",Data Scientist,Medium
"user flows, documentation, low-fidelity design, design systems, UI design tool, information architecture, user research, prototyping, Figma, Figma design, wireframing, wireframes, motion design, usability testing",UI/UX Designer,Medium
"Python, Git, Terraform, Grafana, teamwork, Go, on-call, Docker, observability, capacity planning",Site Reliability Engineer,Medium
"incident management, runbooks, Linux, SLO/SLA, Kubernetes, AWS",Site Reliability Engineer,Medium
"Prometheus, distributed tracing, incident management, error budgets, AWS, Kubernetes, presentation, ELK stack, Grafana, Python, Git",Site Reliability Engineer,Hard
"statistics, matplotlib, SQL, MySQL, database queries, Jupyter, A/B testing, clustering, time series, hypothesis testing, python, PostgreSQL",Data Scientist,Medium
"GraphQL, CI/CD, MongoDB, SSR, REST API, CSS, Jira, Docker, JavaScript, Redux",Full Stack Developer,Medium
"REST API, Kotlin, Swift, Android, React Native, JavaScript",Mobile App Developer,Easy
"prototyping, interaction design, wireframing, Adobe XD, HTML, CSS, Figma, accessibility",UI/UX Designer,Easy
"Python, reporting, data visualization, pivot tables, Excel, BigQuery, SQL, data cleaning, ETL",Data Analyst,Medium
"AWS, communication, Linux, EC2, Terraform, VPC",Cloud Engineer,Medium
"Jira, service design, usability testing, user research, interaction design, prototyping, HTML, design tokens, Figma, wireframing, motion design, design systems",UI/UX Designer,Hard
"REST API, mobile UI, Dart, time management, Confluence, JavaScript, RN, Firebase, native modules, Git, iOS, cross-platform mobile, React Native, TypeScript",Mobile App Developer,Medium
"Nmap, compliance, cryptography, Python, Jira, network security, threat detection, firewalls, penetration testing",Cybersecurity Analyst,Easy
"threat intelligence, security information and event management, network security, Nmap, SIEM, Linux, Python, malware analysis, threat detection, Wireshark, Jira, firewalls, compliance",Cybersecurity Analyst,Medium
"FreeRTOS, debugging, Python, C++, firmware, microcontrollers, GPIO, C",Embedded Systems Engineer,Easy
"ARM, firmware, C, FreeRTOS, oscilloscope, Python, Linux kernel, SPI, RTOS, real-time operating system, bootloader development",Embedded Systems Engineer,Medium
"communication, usability testing, information architecture, prototyping, Framer, Adobe XD, user research",UI/UX Designer,Medium
"system design, Linux, Python, Git, problem solving, OOP",Software Engineer,Easy
"MEV, Rust, Truffle, cryptography, Hardhat, Solidity, JavaScript, smart contract language, smart contracts, Go, Jira, web3, Web3.js, Ethereum, Web3",Blockchain Developer,Hard
"usability testing, teamwork, Figma, information architecture, accessibility, user research, documentation, user flows, A/B testing",UI/UX Designer,Medium
"reporting, Excel, SQL, Snowflake, Metabase, presentation, Google Sheets, dashboard design, pivot tables, data visualization",Data Analyst,Medium
"scikit-learn, pandas, communication, numpy, statistics, clustering, regression, SQL",Data Scientist,Easy
"REST API, Kotlin, native modules, cross-platform mobile, mobile UI, RN, React Native, Flutter, Android, ARKit, iOS, JavaScript, Dart",Mobile App Developer,Medium
"Python, on-call, OpenTelemetry, Confluence, ELK stack, Git, documentation, Jaeger, error budgets, observability, Terraform, Linux, incident management, Grafana, Prometheus",Site Reliability Engineer,Hard
"Docker, Jenkins, Kubernetes, chaos engineering, agile, automation, monitoring, Bash scripting, Helm, Git",DevOps Engineer,Hard
"CSS, Docker, performance optimization, React, PostgreSQL, GraphQL",Full Stack Developer,Medium
"Tableau Desktop, Power BI, Tableau Server, ETL, KPI tracking, Excel, reporting, Python, documentation, leadership, Tableau, business intelligence, data visualization, SQL",Data Analyst,Easy
"Linux, network security, incident response, security information and event management, Confluence, SIEM, Wireshark, firewalls, Jira, threat detection",Cybersecurity Analyst,Easy
"Hardhat, Ethereum, NFT, Web3.js, smart contracts, DeFi",Blockchain Developer,Easy
"incident management, Go, Prometheus, observability, toil reduction, Terraform, Grafana, runbooks, Linux, Docker, time management",Site Reliability Engineer,Medium
"tensorflow, TF, triton, LSTM, machine learning, computer vision, CNN, pandas, time management, TensorFlow",AI/ML Engineer,Medium
"keras, tensorflow, LLM, documentation, numpy, kubeflow, distributed training, OpenCV, scikit-learn",AI/ML Engineer,Hard
"numpy, pandas, seaborn, statistics, A/B testing, python, agile, causal inference, hypothesis testing",Data Scientist,Medium
"vulnerability assessment, incident response, malware analysis, red teaming, Wireshark, Linux, Nmap, network security, threat intelligence, cryptography, penetration testing",Cybersecurity Analyst,Hard
"Linux, cryptography, Wireshark, firewalls, penetration testing, SOC, Jira, threat detection, OWASP",Cybersecurity Analyst,Easy
"pandas, A/B testing, Jupyter, python, statistics, classification, SQL, matplotlib, R, Airflow, Hadoop, scikit-learn",Data Scientist,Hard
"Elasticsearch Logstash Kibana, ELK stack, reliability targets, on-call, Confluence, SLO/SLA, runbooks, service level objectives, distributed tracing, AWS, ELK, Git, Prometheus, incident management",Site Reliability Engineer,Medium
"Git, server-side development, SQL, Django, Docker, MongoDB, Redis, REST API",Backend Developer,Easy
"documentation, scrum, Git, runbooks, SLO/SLA, OpenTelemetry, on-call, Python",Site Reliability Engineer,Medium
"presentation, automation, pipeline, continuous integration, Git, Bash scripting, CI/CD, Kubernetes, Jenkins, Ansible, continuous deployment, monitoring",DevOps Engineer,Medium
"SQL, Python, algorithms, debugging, code review, problem solving, Git, data structures, C++",Software Engineer,Easy
"GraphQL, Next.js, HTML, REST API, Redux, MongoDB, Node.js, Mongo, AWS, NoSQL, JavaScript",Full Stack Developer,Medium
"Kotlin, Flutter, push notifications, cross-platform mobile, Android, time management, Dart, Bluetooth, Firebase, TypeScript, leadership, JavaScript, React Native, Git, RN",Mobile App Developer,Medium
"machine learning, transformers, Jira, OpenCV, teamwork, kubeflow, numpy, pandas, scikit-learn, feature engineering",AI/ML Engineer,Medium
"seaborn, classification, communication, clustering, causal inference, pandas, numpy, hypothesis testing, regression, matplotlib",Data Scientist,Medium
"threat detection, Linux, network security, vulnerability assessment, Wireshark, firewalls, SIEM, Nmap",Cybersecurity Analyst,Easy
"kubeflow, OpenCV, scrum, pandas, RNN, keras, machine learning, tensorflow",AI/ML Engineer,Medium
"SLA design, AWS, S3, networking, Amazon cloud, Lambda, Linux, leadership, Amazon Web Services, presentation, Kubernetes, cloud security, load balancing, cloud architecture",Cloud Engineer,Hard
"teamwork, Solidity, scrum, Rust, smart contract language, DeFi, Ethereum, Go, JavaScript, Substrate, Truffle",Blockchain Developer,Hard
"runbooks, observability, Terraform, on-call, SLO/SLA, leadership, Python",Site Reliability Engineer,Easy
"TypeScript, mobile UI, Google Flutter, Flutter, Redux, iOS, Flutter/Dart, React Native, Swift, Kotlin, JavaScript, push notifications",Mobile App Developer,Medium
"Figma, user flows, wireframing, design tokens, accessibility, CSS, leadership, user research, HTML",UI/UX Designer,Medium
"wireframes, information architecture, interaction design, wireframing, CSS, user research, Adobe XD, Figma design, Figma, accessibility, presentation, UI design tool, low-fidelity design",UI/UX Designer,Easy
"serverless, networking, Terraform, load balancing, Kubernetes, IAM",Cloud Engineer,Medium
"visual regression, Python, JUnit, test planning, Playwright, CI/CD, Cypress, API testing",QA Automation Engineer,Hard
"presentation, SQL, problem solving, concurrency, design patterns, compiler design, OOP, debugging, Linux",Software Engineer,Medium
"FreeRTOS, UART, GPIO, firmware, debugging, communication, C, ARM",Embedded Systems Engineer,Easy
"threat detection, OWASP, time management, SIEM, network security, Python, SOC, penetration testing",Cybersecurity Analyst,Easy
"dbt, Microsoft Power BI, Excel, business intelligence, reporting, Power BI, Snowflake, advanced SQL, dashboard design, PowerBI",Data Analyst,Hard
"Python, Docker, on-call, toil reduction, incident management, runbooks",Site Reliability Engineer,Medium
"HTML, CSS, Sketch, information architecture, presentation, communication, usability testing, wireframing, user research",UI/UX Designer,Easy
"OOP, design patterns, agile, debugging, unit testing, system design, problem solving, code review, Git",Software Engineer,Easy
"gRPC, authentication, Docker, presentation, REST API, Python, Redis, Node.js, Django, Go",Backend Developer,Medium
"keras, deep learning, machine learning, numpy, agile, time management, pytorch, ONNX, triton",AI/ML Engineer,Medium
"MongoDB, Confluence, server-side development, Git, database optimization, Redis, Node.js, communication, Docker",Backend Developer,Medium
"automation, Bash scripting, CI/CD, Linux, monitoring, documentation, Jenkins, teamwork, Docker, Python, Grafana",DevOps Engineer,Medium
"reporting, Excel, Python, dbt, KPI tracking, communication, business intelligence",Data Analyst,Medium
"agile, usability testing, user research, wireframing, HTML, accessibility",UI/UX Designer,Easy
"Node.js, Django REST framework, Flask, presentation, SQL, Git, leadership, FastAPI, Django",Backend Developer,Easy
"clustering, SQL, seaborn, communication, feature selection, Jupyter, A/B testing, pandas, time series, numpy",Data Scientist,Medium
"problem solving, OOP, data structures, code review, Linux, debugging, algorithms, SQL, Python, design patterns",Software Engineer,Easy
"Tableau, pivot tables, Google Sheets, Python, Excel, ETL, data visualization, reporting, SQL, Looker, Snowflake, data modeling",Data Analyst,Hard
"Django REST framework, Redis, REST API, Django, Docker, leadership, Node.js, server-side development, Git",Backend Developer,Easy
"Terraform, scrum, Azure, leadership, cloud architecture, S3, Linux, networking, CDN, IAM, Kubernetes",Cloud Engineer,Medium
"PostgreSQL, MySQL, A/B testing, matplotlib, pandas, classification, data wrangling, SQL, presentation, statistics, seaborn, numpy, leadership, regression, database queries",Data Scientist,Medium
"statistics, feature selection, time management, classification, numpy, matplotlib, data wrangling, Jupyter, SQL, Bayesian statistics",Data Scientist,Medium
"Pytest, API testing, Python, JMeter, test automation, Confluence, Cucumber, SQL, test planning, Selenium",QA Automation Engineer,Medium
"leadership, I2C, C++, UART, Python, ARM, GPIO, microcontrollers",Embedded Systems Engineer,Easy
"Docker, time management, Git, Python, Jira, gRPC, authentication, Django, Kafka, JWT, Django REST framework",Backend Developer,Hard
"Truffle, communication, Hardhat, Web3, smart contracts, scrum, Web3.js, Ethereum, web3, Solidity, DAO governance, JavaScript",Blockchain Developer,Medium
"documentation, Nmap, threat detection, network security, vulnerability assessment, firewalls, penetration testing, Linux, zero trust",Cybersecurity Analyst,Medium
"smart contract language, JavaScript, Truffle, Rust, Solidity, Web3.js, DeFi, smart contracts, IPFS, Ethereum, NFT",Blockchain Developer,Medium
"FPGA, microcontrollers, firmware, ARM, C, Verilog, I2C, SPI",Embedded Systems Engineer,Medium
"REST API, RN, iOS, Jira, React Native, cross-platform mobile, ARKit, mobile UI, scrum, JavaScript, performance optimization, app store deployment, TypeScript, Dart, Firebase",Mobile App Developer,Hard
"server-side development, SQL, REST API, PostgreSQL, FastAPI, teamwork, authentication, MongoDB, Go, agile, Redis, Flask",Backend Developer,Medium
"Linux, OWASP, Wireshark, communication, forensics, firewalls, incident response, threat detection, network security",Cybersecurity Analyst,Medium
"Nmap, SOC, zero trust, red teaming, OWASP, threat intelligence, Wireshark, firewalls, threat detection, Linux",Cybersecurity Analyst,Hard
"Flutter, JavaScript, push notifications, mobile UI, Git, offline-first, documentation, Dart, REST API, Jira",Mobile App Developer,Medium
"Selenium, SQL, Pytest, Playwright, JMeter, test automation, Cypress, Git, test planning, time management, teamwork, JUnit",QA Automation Engineer,Medium
"network security, penetration testing, firewalls, vulnerability assessment, threat detection, security information and event management, SIEM, time management, forensics",Cybersecurity Analyst,Medium
"scikit-learn, Confluence, pytorch, python, pandas, huggingface, feature engineering, numpy",AI/ML Engineer,Easy
"penetration testing, incident response, SIEM, firewalls, network security, cryptography, Linux, vulnerability assessment",Cybersecurity Analyst,Easy
"PySpark, Airflow, Apache Spark, classification, A/B testing, Spark, statistics, pandas, hypothesis testing, feature selection, Confluence, SQL, presentation",Data Scientist,Hard
"authentication, Redis, gRPC, REST API, Django, MongoDB, teamwork, caching strategies, Git, Django REST framework, Flask, Python, SQL",Backend Developer,Medium
"React Native, Dart, Swift, documentation, Flutter, Git, Firebase, Android, TypeScript, mobile UI",Mobile App Developer,Easy
"Linux, distributed systems, debugging, algorithms, compiler design, code review, data structures, OOP, concurrency",Software Engineer,Hard
"transformers, machine learning, python, numpy, CNN, pytorch, LSTM, neural networks, model evaluation",AI/ML Engineer,Easy
"CI/CD, test planning, JMeter, Git, JUnit, test automation, Confluence, k6, chaos testing, Selenium, Pytest, Selenium WebDriver, documentation",QA Automation Engineer,Hard
"Node.js, server-side development, Go, MongoDB, Redis, Git, authentication, Django, Python",Backend Developer,Medium
"Terraform, IAM, serverless, Kubernetes, GCP, Lambda, Azure, time management, networking, AWS, cloud architecture, agile, EC2",Cloud Engineer,Hard
"ARM, ARM architecture, UART, C, oscilloscope, C++, ARM Cortex, SPI, debugging",Embedded Systems Engineer,Easy
"ethical hacking, threat detection, firewalls, pen testing, Linux, network security, Wireshark, OWASP, Nmap, penetration testing, incident response, SOC",Cybersecurity Analyst,Easy
"Nmap, penetration testing, firewalls, compliance, SOC, Linux, vulnerability assessment, threat detection",Cybersecurity Analyst,Easy
"Firebase, Git, Dart, TypeScript, Swift, REST API, performance optimization, JavaScript, iOS, ARKit",Mobile App Developer,Medium
"MongoDB, microservices, GraphQL, Docker, HTML, Kubernetes, teamwork, JavaScript, TypeScript, Confluence, React, REST API, SSR",Full Stack Developer,Hard
"SQL, code review, design patterns, object-oriented programming, object oriented, data structures, algorithms, debugging, OOP, memory management, system design",Software Engineer,Medium
"accessibility, agile, usability testing, Figma, Framer, design systems, service design, Adobe XD, wireframing, prototyping, user flows",UI/UX Designer,Medium
"UART, ARM, GPIO, I2C, debugging, firmware, oscilloscope, C, presentation, AUTOSAR, C++",Embedded Systems Engineer,Medium
"numpy, PyTorch, LSTM, feature engineering, time management, pytorch, neural networks, torch, TF, MLOps, scrum, TensorFlow, tensorflow, scikit-learn",AI/ML Engineer,Medium
"microcontrollers, scrum, Linux kernel, real-time operating system, oscilloscope, presentation, C++, Python, FreeRTOS, SPI, RTOS, I2C",Embedded Systems Engineer,Easy
"IAM, Pulumi, CDN, S3, Linux, cloud architecture, Kubernetes, GCP, Azure, networking, VPC, multi-cloud",Cloud Engineer,Hard
"Google Flutter, mobile UI, Git, communication, REST API, Flutter, Kotlin, TypeScript, iOS, JavaScript, Flutter/Dart, Redux",Mobile App Developer,Easy
"RTOS, FreeRTOS, C, GPIO, real-time operating system, microcontrollers, ARM, UART, oscilloscope, Python",Embedded Systems Engineer,Easy
"load balancing, AWS, leadership, cloud architecture, networking, Lambda, Linux, VPC",Cloud Engineer,Medium
"python, scikit-learn, pandas, regression, agile, causal inference, statistics, hypothesis testing, A/B testing, Jupyter, presentation, seaborn",Data Scientist,Medium
"C, FreeRTOS, RTOS, Linux kernel, C++, Verilog, oscilloscope, communication, microcontrollers, scrum, VHDL, Python, GPIO, I2C",Embedded Systems Engineer,Medium
"EC2, Pulumi, networking, Lambda, load balancing, Amazon cloud, Linux, Amazon Web Services, Docker, AWS",Cloud Engineer,Medium
"DeFi, Hardhat, Solidity, Ethereum, cross-chain bridges, Truffle, smart contracts, documentation, JavaScript",Blockchain Developer,Medium
"Android, RN, Firebase, Dart, mobile UI, Flutter, JavaScript, Kotlin, React Native, cross-platform mobile, Git, leadership, Redux",Mobile App Developer,Easy
"wireframing, accessibility, Adobe XD, information architecture, Confluence, service design, Framer, Sketch, design systems, Figma",UI/UX Designer,Medium
"Excel, SQL, Tableau, Google Sheets, reporting, data cleaning, dbt, data visualization, dashboard design",Data Analyst,Medium
"pen testing, ethical hacking, Python, OWASP, Linux, time management, firewalls, threat detection, SOC, zero trust, penetration testing",Cybersecurity Analyst,Medium
"RTOS, Linux kernel, DSP, C++, leadership, C, firmware, SPI, Python",Embedded Systems Engineer,Medium
"SQL, teamwork, statistics, feature selection, A/B testing, Confluence, numpy, hypothesis testing",Data Scientist,Medium
"test automation, visual regression, JUnit, Cypress, Pytest, API testing, test planning, Python, Confluence, Selenium, communication",QA Automation Engineer,Medium
"HTML, Docker, TypeScript, Redux, JavaScript, GraphQL, Kubernetes, WebSockets, Express",Full Stack Developer,Medium
"React, JavaScript, CI/CD, Express, TypeScript, Docker, Git, HTML, time management, MongoDB",Full Stack Developer,Medium
"NFT, Layer 2, Solidity, DeFi, IPFS, MEV, smart contracts, Rust, Ethereum, Substrate, Hardhat, cryptography",Blockchain Developer,Hard
"pipeline, leadership, Ansible, monitoring, automation, continuous deployment, Linux, CI/CD, Git, continuous integration, Bash scripting",DevOps Engineer,Medium
"python, R, SQL, clustering, leadership, pandas, hypothesis testing, matplotlib",Data Scientist,Medium
"database queries, communication, regression, scikit-learn, MySQL, matplotlib, documentation, PostgreSQL, statistics, SQL, A/B testing, Bayesian statistics, hypothesis testing",Data Scientist,Medium
"Linux, ELK stack, error budgets, Grafana, on-call, scrum, observability, SLO/SLA, AWS",Site Reliability Engineer,Medium
"teamwork, transformers, machine learning, leadership, deep learning, python, computer vision, scikit-learn, huggingface",AI/ML Engineer,Easy
"networking, S3, Lambda, AWS, cloud architecture, CDN, multi-cloud, IAM, Terraform, SLA design",Cloud Engineer,Hard
"scikit-learn, keras, huggingface, python, machine learning, presentation, transformers, leadership, tensorflow",AI/ML Engineer,Easy
"advanced SQL, Python, time management, SQL, Excel, pivot tables, data modeling, ETL, KPI tracking, reporting, teamwork, Tableau, Looker, data visualization",Data Analyst,Hard
"Express, REST API, NodeJS, CSS, agile, JavaScript, Node, React, TypeScript, GraphQL, Node.js",Full Stack Developer,Easy
"Linux, Docker, AWS, Grafana, leadership, automation, Terraform, presentation, monitoring, Prometheus",DevOps Engineer,Medium
"Linux, Python, threat intelligence, SIEM, network security, documentation, compliance, time management, Wireshark, red teaming, penetration testing, OWASP",Cybersecurity Analyst,Medium
"SQL, Python, CI/CD, presentation, API testing, Cypress, Cucumber, Postman, Selenium",QA Automation Engineer,Medium
"Linux, automation, teamwork, Jenkins, Grafana, Python, CI/CD, AWS, leadership, Docker",DevOps Engineer,Medium
"Linux, network security, OWASP, CVE research, Nmap, firewalls, vulnerability assessment, SOC, threat detection",Cybersecurity Analyst,Medium
"Docker, Git, teamwork, Kubernetes, presentation, CI/CD, Grafana, ArgoCD, Prometheus",DevOps Engineer,Hard
"Python, Postman, Selenium, test automation, Cypress, test planning, CI/CD, SQL, Docker, Pact",QA Automation Engineer,Medium
"TypeScript, Bluetooth, leadership, Kotlin, Firebase, JavaScript, React Native, Git, REST API, mobile UI, Dart",Mobile App Developer,Medium
"PostgreSQL, SQL, Python, MongoDB, REST API, Django, server-side development",Backend Developer,Easy
"API testing, Postman, test automation, contract testing, Git, Cypress, performance testing, Docker, JUnit, Python",QA Automation Engineer,Medium
"Python, JWT, Flask, Git, Redis, authentication, MongoDB",Backend Developer,Medium
"Linux kernel, FreeRTOS, UART, I2C, microcontrollers, RTOS, Python",Embedded Systems Engineer,Easy
"Go, on-call, AWS, Git, observability, Python, Terraform, SLO/SLA, Linux, leadership, Grafana",Site Reliability Engineer,Medium
"Python, Kubernetes, Ansible, automation, Bash scripting, Jenkins, Linux",DevOps Engineer,Medium
"AWS, Docker, Jira, cloud architecture, Confluence, VPC, Azure, cloud security",Cloud Engineer,Medium
"firmware, real-time operating system, oscilloscope, C++, FreeRTOS, C, UART, GPIO, RTOS, SPI",Embedded Systems Engineer,Easy
"I2C, UART, real-time operating system, debugging, RTOS, C++, VHDL, microcontrollers, Verilog, time management, C",Embedded Systems Engineer,Medium
"data structures, distributed systems, algorithms, memory management, Java, SQL, unit testing, Linux, problem solving",Software Engineer,Medium
"RTOS, FreeRTOS, communication, C, GPIO, documentation, ARM, firmware",Embedded Systems Engineer,Easy
"statistics, scikit-learn, data wrangling, Jira, matplotlib, pandas, python, regression, hypothesis testing, R, leadership",Data Scientist,Medium
"Android, TypeScript, Jira, JavaScript, mobile UI, Firebase, Git, Confluence, React Native",Mobile App Developer,Easy
"Git, iOS, TypeScript, Kotlin, mobile UI, JavaScript, Firebase, Android",Mobile App Developer,Easy
"regression, pandas, classification, numpy, data wrangling, leadership, Jupyter, SQL, A/B testing, statistics",Data Scientist,Medium
"Docker, presentation, GraphQL, Redux, REST API, Node.js, CSS, communication",Full Stack Developer,Easy
"networking, SLA design, CDN, VPC, IAM, Azure, Linux, S3, load balancing, Pulumi",Cloud Engineer,Medium
"python, machine learning, neural networks, pytorch, numpy, transformers, Jira, huggingface",AI/ML Engineer,Easy
"time management, Web3.js, ZK proofs, teamwork, NFT, DeFi, Ethereum, consensus algorithms, Rust, JavaScript, DAO governance, smart contracts, Solidity, Substrate",Blockchain Developer,Hard
"data cleaning, Google Sheets, Tableau, data visualization, reporting",Data Analyst,Easy
"GPIO, SPI, agile, C++, firmware, ARM, leadership, Python, oscilloscope, UART, DSP",Embedded Systems Engineer,Medium
"firmware, ARM Cortex, microcontrollers, Confluence, GPIO, ARM architecture, UART, I2C, Verilog, Python, ARM",Embedded Systems Engineer,Medium
"consensus algorithms, smart contracts, Go, Ethereum, DeFi, Truffle, Hardhat, cryptography",Blockchain Developer,Medium
"user research, Adobe XD, Confluence, interaction design, wireframing, Figma, design systems",UI/UX Designer,Easy
"Git, REST API, Flutter, scrum, cross-platform mobile, push notifications, app store deployment, Redux, React Native, JavaScript, RN, mobile UI, Flutter/Dart, Bluetooth, Swift, Google Flutter, leadership, Android",Mobile App Developer,Hard
"MongoDB, leadership, TypeScript, React, Next.js, Node.js, Git, scrum, GraphQL, PostgreSQL",Full Stack Developer,Easy
"networking, S3, IAM, time management, Linux, EC2, Kubernetes, Lambda, SLA design, Terraform, Jira",Cloud Engineer,Medium
"Express, JavaScript, HTML, React, CSS, TypeScript, PostgreSQL, time management, REST API",Full Stack Developer,Easy
"Rust, web3, consensus algorithms, Layer 2, time management, Web3.js, leadership, Truffle, Ethereum, Go, Web3",Blockchain Developer,Hard
"information architecture, accessibility, prototyping, Sketch, HTML, eye tracking, CSS, component libraries, wireframing, Figma, user research",UI/UX Designer,Medium
"FastAPI, teamwork, documentation, JWT, Node.js, Python, Flask, SQL, database optimization",Backend Developer,Medium
"Cypress, Jira, JUnit, Postman, Python, test automation",QA Automation Engineer,Easy
"scikit-learn, regression, python, pandas, classification",Data Scientist,Easy
"Solidity, Rust, cryptography, Hardhat, NFT, Ethereum",Blockchain Developer,Medium
"on-call, SLO/SLA, incident management, reliability targets, teamwork, Docker, Kubernetes, service level objectives, runbooks, Terraform, Go",Site Reliability Engineer,Medium
"business intelligence, advanced SQL, data visualization, data cleaning, Excel, reporting, documentation, pivot tables",Data Analyst,Medium
"Jira, VHDL, oscilloscope, ARM Cortex, GPIO, firmware, ARM, UART, RTOS, time management, ARM architecture",Embedded Systems Engineer,Medium
"SQL, code review, C++, problem solving, debugging, algorithms, data structures, system design, unit testing",Software Engineer,Easy
"reporting, KPI tracking, pivot tables, Google Sheets, presentation, Excel, business intelligence, Tableau, SQL, teamwork, data modeling, BigQuery",Data Analyst,Medium
"JavaScript, Go, Ethereum, DeFi, IPFS, NFT, smart contracts, consensus algorithms, Solidity",Blockchain Developer,Medium
"Confluence, teamwork, IAM, networking, multi-cloud, load balancing, EC2, S3",Cloud Engineer,Medium
"Docker, React, HTML, PostgreSQL, NodeJS, Express, SSR, Redux, Git, JavaScript, Node, Next.js, Node.js, leadership, performance optimization",Full Stack Developer,Medium
"Swift, REST API, React Native, JavaScript, offline-first, Kotlin, Git, mobile UI",Mobile App Developer,Medium
"React Native, TypeScript, REST API, JavaScript, mobile UI, Android, performance optimization, Flutter, Dart",Mobile App Developer,Medium
"Git, mobile UI, TypeScript, Android, JavaScript, teamwork, React Native, communication, Kotlin, iOS, Dart",Mobile App Developer,Easy
"design tokens, Figma, information architecture, wireframing, prototyping, user flows, accessibility, Adobe XD, usability testing, eye tracking, Framer, user research",UI/UX Designer,Hard
"algorithms, Java, design patterns, C++, problem solving, debugging, Git, time management, distributed systems, code review, OOP, SQL",Software Engineer,Medium
"visual regression, Docker, JMeter, Selenium, Postman, test automation, Cucumber, CI/CD, Python, contract testing, Jira",QA Automation Engineer,Hard
"penetration testing, firewalls, incident response, network security, Linux, Nmap, forensics, Python, exploit development, OWASP, SOC, malware analysis",Cybersecurity Analyst,Hard
"Python, CI/CD, Postman, Selenium, JUnit, BDD",QA Automation Engineer,Medium
"VPC, Azure, cloud architecture, IAM, GCP, Lambda, S3, networking",Cloud Engineer,Easy
"system design, SQL, algorithms, Python, data structures, problem solving, performance profiling, communication, memory management, scrum",Software Engineer,Medium
"PostgreSQL, server-side development, Flask, SQL, MongoDB, documentation, Git",Backend Developer,Easy
"accessibility, HTML, prototyping, user flows, information architecture, Sketch, wireframing",UI/UX Designer,Easy
"Git, Node.js, MongoDB, Next.js, communication, JavaScript, Docker, REST API, PostgreSQL, HTML",Full Stack Developer,Easy
"Git, presentation, JWT, database optimization, MongoDB, Node.js, Redis, REST API, Flask, caching strategies",Backend Developer,Hard
"Firebase, Flutter, Git, JavaScript, mobile UI, React Native, Dart, Bluetooth, Swift, documentation",Mobile App Developer,Medium
"React, GraphQL, TypeScript, CSS, NoSQL, HTML, Mongo, MongoDB, Node.js",Full Stack Developer,Easy
"GraphQL, Express, React, Next.js, Node.js, JavaScript, leadership, Docker, HTML",Full Stack Developer,Easy
"RTOS, debugging, DSP, leadership, documentation, firmware, GPIO, microcontrollers, C, Python",Embedded Systems Engineer,Medium
"Python, zero trust, network security, presentation, exploit development, threat detection, OWASP, malware analysis, penetration testing, Linux, cryptography, Nmap, agile, compliance",Cybersecurity Analyst,Hard
"Nmap, Linux, malware analysis, zero trust, network security, threat detection, firewalls, SIEM, OWASP",Cybersecurity Analyst,Medium
"Node.js, JWT, database optimization, PostgreSQL, REST API, RabbitMQ, Django, Go, server-side development",Backend Developer,Hard
"Python, SQL, documentation, Snowflake, BigQuery, Tableau, Tableau Server, Tableau Desktop, agile, dashboard design, ETL, data modeling, reporting, KPI tracking",Data Analyst,Hard
"Confluence, hypothesis testing, pandas, matplotlib, feature selection, statistics, python, dbt, leadership",Data Scientist,Medium
"monitoring, Docker, AWS, Python, Grafana, Bash scripting, Confluence, Kubernetes, Linux, documentation",DevOps Engineer,Medium
"REST API, communication, mobile UI, Firebase, iOS, Flutter, leadership, JavaScript, Bluetooth, Swift, TypeScript",Mobile App Developer,Medium
"SPI, bootloader development, Linux kernel, microcontrollers, Python, oscilloscope, firmware, UART",Embedded Systems Engineer,Medium
"Python, OOP, SQL, C++, performance profiling, data structures, debugging, Rust, object oriented, algorithms, problem solving, object-oriented programming, design patterns",Software Engineer,Medium
"Git, CI/CD, chaos testing, Selenium, SQL, test planning, visual regression",QA Automation Engineer,Hard
"mobile UI, React Native, Kotlin, communication, teamwork, Flutter, Redux, Git, Android",Mobile App Developer,Easy
"presentation, Linux, Istio, Terraform, Git, Docker, documentation, Prometheus, Jenkins",DevOps Engineer,Medium
"Docker, Linux, CI/CD, Jenkins, AWS, Python, presentation, Bash scripting, Ansible, FinOps, scrum, Prometheus",DevOps Engineer,Hard
"agile, Bash scripting, Terraform, communication, CI/CD, Ansible, automation, Git, Linux, AWS, Istio",DevOps Engineer,Hard
"malware analysis, OWASP, red teaming, network security, SOC, leadership, Nmap, Linux, firewalls, threat detection, incident response",Cybersecurity Analyst,Medium
"Rust, Java, performance profiling, concurrency, SQL, time management, teamwork, Linux, Python, data structures, problem solving",Software Engineer,Hard
"presentation, huggingface, RLHF, numpy, Jira, transformers, deep learning, scikit-learn",AI/ML Engineer,Medium
"Git, AWS, automation, teamwork, monitoring, Ansible",DevOps Engineer,Medium
"scrum, Linux, Jira, GCP, EC2, Lambda, Terraform, cloud architecture, Kubernetes, Docker, networking",Cloud Engineer,Medium
"accessibility, Sketch, interaction design, Figma, component libraries, information architecture, prototyping, leadership, Jira, UI design tool, user research, Figma design, wireframing",UI/UX Designer,Medium
"Cypress, SQL, test automation, Playwright, API testing, CI/CD, Postman, Pytest, scrum, test planning, Selenium",QA Automation Engineer,Medium
"Go, Rust, smart contracts, cryptography, Solidity, consensus algorithms, teamwork, Hardhat, Truffle, Jira, Web3.js, smart contract language",Blockchain Developer,Medium
"OpenCV, RNN, tensorflow, machine learning, transformers, neural networks, python",AI/ML Engineer,Easy
"Kubernetes, ELK stack, Terraform, Prometheus, incident management, SLO/SLA, Linux, Python, Docker",Site Reliability Engineer,Medium
"JavaScript, Node.js, Redux, REST API, CSS, Kubernetes, Git, MongoDB, React",Full Stack Developer,Medium
"Docker, service level objectives, reliability targets, toil reduction, observability, Python, incident management, Grafana, SLO/SLA, Go, agile, error budgets, Kubernetes, runbooks",Site Reliability Engineer,Hard
"ARM architecture, C, ARM, Linux kernel, UART, Python, RTOS, C++, Verilog, I2C, ARM Cortex, real-time operating system, debugging",Embedded Systems Engineer,Medium
"Tableau Server, SQL, data cleaning, Python, dashboard design, Tableau Desktop, Power BI, Tableau, Metabase, reporting, pivot tables",Data Analyst,Medium
"dbt, Snowflake, data visualization, KPI tracking, business intelligence, SQL, dashboard design, Google Sheets, Python, Power BI, PowerBI, Microsoft Power BI",Data Analyst,Medium
"forensics, SOC, OWASP, Python, network security, SIEM, Nmap, threat detection",Cybersecurity Analyst,Medium
"firmware, Python, safety-critical systems, GPIO, C++, SPI, DSP, microcontrollers",Embedded Systems Engineer,Medium
"algorithms, design patterns, problem solving, SQL, unit testing, OOP, data structures",Software Engineer,Easy
"accessibility, CSS, wireframes, low-fidelity design, wireframing, usability testing, Sketch, UI design tool, Jira, Figma design, design systems, user research, Figma, prototyping",UI/UX Designer,Easy
"C++, agile, Git, Java, Linux, design patterns, scrum, algorithms, debugging, SQL",Software Engineer,Easy
"test planning, test automation, SQL, Python, Postman, Pytest, BDD, Selenium, CI/CD, teamwork",QA Automation Engineer,Medium
"automation, communication, chaos engineering, Linux, GitOps, Git, Docker, Python, Terraform, teamwork, Jenkins, Prometheus, monitoring",DevOps Engineer,Medium
"documentation, Jira, Python, JWT, Git, FastAPI, Django, Redis, Flask, MongoDB",Backend Developer,Medium
"DeFi, Web3.js, Ethereum, Solidity, cross-chain bridges, JavaScript, NFT, agile, Hardhat, cryptography",Blockchain Developer,Medium
"information architecture, interaction design, accessibility, Figma design, prototyping, wireframing, user research, CSS, UI design tool, Figma",UI/UX Designer,Easy
"server-side development, Python, Node.js, MongoDB, PostgreSQL, Confluence, Git, Django, SQL, RabbitMQ, authentication, Redis, message queues, presentation",Backend Developer,Medium
"Node.js, CI/CD, NodeJS, performance optimization, HTML, communication, JavaScript, Redux, Git, time management, React.js, ReactJS, Node, MongoDB, React",Full Stack Developer,Medium
"Node.js, Jira, Redux, Confluence, Next.js, SSR, MongoDB, GraphQL, HTML, Git, TypeScript, JavaScript",Full Stack Developer,Medium
"Confluence, Python, Linux, communication, SIEM, firewalls, incident response, vulnerability assessment, network security, security information and event management, SOC",Cybersecurity Analyst,Easy
"Pytest, Python, Selenium, Cucumber, communication, API testing, CI/CD, Git, agile, Docker",QA Automation Engineer,Medium
"data visualization, window functions, Google Sheets, Excel, Snowflake, data cleaning, Power BI, Tableau, reporting, communication",Data Analyst,Medium
"Jenkins, pipeline, continuous integration, Terraform, Git, ArgoCD, continuous deployment, CI/CD, Grafana",DevOps Engineer,Medium
"Jira, memory management, Linux, concurrency, OOP, object-oriented programming, SQL, object oriented, system design, data structures, Java, Git, algorithms",Software Engineer,Medium
"HTML, Sketch, Figma, motion design, accessibility, user research, information architecture, Framer, wireframing",UI/UX Designer,Medium
"CSS, REST API, Node.js, ReactJS, Redux, React.js, TypeScript, PostgreSQL, React, GraphQL, Confluence, Express",Full Stack Developer,Easy
"networking, CDN, S3, documentation, Terraform, Lambda, scrum, Linux, VPC, Kubernetes, IAM",Cloud Engineer,Medium
"Redux, Jira, CI/CD, MongoDB, Confluence, CSS, React, JWT, Node.js, Mongo, SSR, NoSQL, TypeScript",Full Stack Developer,Hard
"hypothesis testing, data wrangling, python, documentation, statistics, causal inference, seaborn, pandas, Jupyter, matplotlib, numpy, scikit-learn",Data Scientist,Medium
"C++, design patterns, OOP, algorithms, Python, Linux, Confluence, Java, problem solving",Software Engineer,Easy
"scrum, JavaScript, Node.js, presentation, Docker, Express, React, PostgreSQL",Full Stack Developer,Easy
"Pact, test automation, API testing, Cypress, BDD, contract testing, test planning",QA Automation Engineer,Medium
"algorithms, Linux, Go, design patterns, data structures, concurrency, debugging, Python, documentation, Git, system design, problem solving, Jira, Java",Software Engineer,Medium
"cost optimization, AWS, networking, Linux, Amazon cloud, serverless, Amazon Web Services, Kubernetes, GCP, VPC, time management, Pulumi",Cloud Engineer,Hard
"feature engineering, transformers, agile, NLP, numpy, distributed training, LLM, scikit-learn",AI/ML Engineer,Medium
"Grafana, Jira, distributed tracing, ELK stack, incident management, Python, Kubernetes, Terraform",Site Reliability Engineer,Medium
"DeFi, cryptography, Solidity, Ethereum, Web3.js, communication, presentation, Rust, smart contracts, cross-chain bridges",Blockchain Developer,Medium
"Docker, MongoDB, JWT, Jira, Django REST framework, FastAPI, Python, PostgreSQL, SQL, REST API, Django",Backend Developer,Medium
"Git, time management, Android, Kotlin, JavaScript, TypeScript, Swift",Mobile App Developer,Easy
"Web3.js, consensus algorithms, JavaScript, cryptography, smart contracts",Blockchain Developer,Easy
"BDD, contract testing, Pytest, visual regression, Cypress, API testing, Postman, Selenium, JUnit, test planning, leadership, Confluence",QA Automation Engineer,Medium
"JavaScript, cryptography, Solidity, NFT, Ethereum",Blockchain Developer,Easy
"scrum, presentation, FreeRTOS, firmware, ARM Cortex, ARM, ARM architecture, C, RTOS, UART, bootloader development, GPIO",Embedded Systems Engineer,Medium
"multi-cloud, cloud architecture, Terraform, load balancing, AWS, S3, CDN, Google Cloud, GCP, Google Cloud Platform",Cloud Engineer,Medium
"automation, CI/CD, Prometheus, Kubernetes, Bash scripting, Grafana, Docker, Linux",DevOps Engineer,Medium
"business intelligence, SQL, communication, reporting, pivot tables, dashboard design, Power BI, leadership, Google Sheets, data visualization, ETL",Data Analyst,Easy
"R, scikit-learn, data wrangling, regression, teamwork, A/B testing, pandas, statistics, classification",Data Scientist,Medium
"Java, problem solving, OOP, agile, system design, Git, debugging, data structures, Linux, design patterns",Software Engineer,Easy
"Python, Grafana, time management, Prometheus, CI/CD, Git, leadership, Docker, automation, Jenkins",DevOps Engineer,Medium
"Google Cloud, CDN, load balancing, GCP, Amazon cloud, multi-cloud, Linux, leadership, Google Cloud Platform, cloud architecture, Amazon Web Services, time management, AWS, networking",Cloud Engineer,Medium
"authentication, caching strategies, Git, SQL, gRPC, Node.js, MongoDB, JWT, agile",Backend Developer,Hard
"Web3.js, cryptography, smart contracts, Truffle, cross-chain bridges, consensus algorithms, NFT, Rust, Ethereum, JavaScript, Solidity",Blockchain Developer,Medium
"debugging, Git, unit testing, algorithms, design patterns, code review, Jira",Software Engineer,Easy
"pipeline, Prometheus, Git, Linux, CI/CD, automation, Bash scripting, Terraform, continuous integration, continuous deployment",DevOps Engineer,Medium
"design systems, Sketch, HTML, accessibility, prototyping, teamwork, wireframing, information architecture, leadership, user flows",UI/UX Designer,Easy
"distributed training, tensorflow, TF, scikit-learn, neural networks, TensorFlow, Confluence, LSTM, machine learning",AI/ML Engineer,Medium
"error budgets, on-call, Linux, Go, capacity planning, AWS, Python, observability, Docker, Kubernetes, chaos engineering",Site Reliability Engineer,Hard
"JWT, CSS, Docker, PostgreSQL, REST API, React, leadership, teamwork, NoSQL, HTML, JavaScript, Next.js, MongoDB, Mongo, TypeScript",Full Stack Developer,Medium
"I2C, RTOS, microcontrollers, firmware, communication, Confluence, debugging, oscilloscope, C",Embedded Systems Engineer,Easy
"FreeRTOS, communication, FPGA, ARM, firmware, microcontrollers, oscilloscope, SPI, C++, C",Embedded Systems Engineer,Medium
"low-fidelity design, user research, wireframes, information architecture, interaction design, wireframing, accessibility, CSS",UI/UX Designer,Easy
"python, agile, Jupyter, numpy, Jira, A/B testing, clustering, pandas, SQL, matplotlib, feature selection",Data Scientist,Medium
"component libraries, design systems, user research, wireframing, CSS, information architecture, prototyping, Adobe XD, HTML, Confluence, Figma",UI/UX Designer,Medium
"Python, compliance, SIEM, incident response, threat intelligence, threat detection, Jira, leadership, Linux, firewalls",Cybersecurity Analyst,Medium
"oscilloscope, UART, I2C, teamwork, power optimization, microcontrollers, C, presentation, FreeRTOS, GPIO",Embedded Systems Engineer,Medium
"MongoDB, Node.js, PostgreSQL, CSS, ReactJS, HTML, GraphQL, REST API, React, CI/CD, React.js",Full Stack Developer,Medium
"Python, Linux kernel, UART, I2C, ARM, FreeRTOS, firmware, C++",Embedded Systems Engineer,Easy
"Java, leadership, C++, code review, Go, OOP, memory management, algorithms, Confluence, Git, data structures",Software Engineer,Medium
"React Native, JavaScript, Dart, Redux, Bluetooth, TypeScript, mobile UI, performance optimization, Flutter, Android",Mobile App Developer,Medium
"tensorflow, Confluence, computer vision, TensorFlow, numpy, NLP, text mining, machine learning, scikit-learn, model quantization, transformers, OpenCV, natural language processing, scrum, TF",AI/ML Engineer,Medium
"Ansible, Kubernetes, documentation, CI/CD, Prometheus, Python, monitoring, teamwork, Git",DevOps Engineer,Medium
"agile, networking, CDN, Linux, S3, VPC, Confluence, Lambda, Docker, AWS, IAM",Cloud Engineer,Medium
"Python, BDD, test planning, SQL, CI/CD, Git",QA Automation Engineer,Medium
"wireframing, user flows, user research, Figma, CSS, interaction design, Adobe XD, Sketch, design systems, prototyping",UI/UX Designer,Easy
"MongoDB, Django, documentation, server-side development, FastAPI, Redis, Flask, Python",Backend Developer,Easy
"KPI tracking, Excel, dbt, Metabase, Microsoft Power BI, reporting, pivot tables, Google Sheets, PowerBI, SQL, data cleaning, data visualization, Power BI",Data Analyst,Medium
"AWS, Linux, Lambda, serverless, Kubernetes, Terraform, S3, leadership",Cloud Engineer,Hard
"unit testing, concurrency, Confluence, Java, design patterns, Git, problem solving, presentation, SQL",Software Engineer,Medium
"MySQL, clustering, numpy, seaborn, PostgreSQL, dbt, statistics, matplotlib, SQL, Jupyter, feature selection, database queries",Data Scientist,Medium
"offline-first, Git, React Native, Firebase, cross-platform mobile, TypeScript, Android, Flutter, RN",Mobile App Developer,Medium
"GraphQL, HTML, ReactJS, Next.js, React, CSS, agile, teamwork, MongoDB, Git, React.js",Full Stack Developer,Easy
"object oriented, algorithms, teamwork, object-oriented programming, communication, OOP, SQL, design patterns, Python, system design, Git, debugging, code review",Software Engineer,Easy
"statistics, seaborn, numpy, pandas, Jira, causal inference, clustering, SQL, Jupyter",Data Scientist,Medium
"python, hypothesis testing, scikit-learn, numpy, forecasting, classification, Airflow, statistics, R",Data Scientist,Hard
"IPFS, DeFi, NFT, MEV, Substrate, cross-chain bridges, Solidity, Rust, smart contracts, Ethereum, Truffle",Blockchain Developer,Hard
"neural networks, agile, python, scikit-learn, model evaluation, CNN, model quantization",AI/ML Engineer,Medium
"Playwright, SQL, Postman, Cucumber, Python, Selenium, BDD, Pytest, Cypress",QA Automation Engineer,Medium
"Pulumi, VPC, Confluence, Linux, Google Cloud Platform, FinOps, load balancing, multi-cloud, Google Cloud, GCP, Lambda, cloud architecture, networking, scrum",Cloud Engineer,Hard
"Git, test automation, Pytest, communication, presentation, Selenium, BDD, API testing, JMeter, Postman, CI/CD, contract testing",QA Automation Engineer,Hard
"Metabase, PowerBI, Python, SQL, reporting, pivot tables, Power BI, Microsoft Power BI, data cleaning, ETL",Data Analyst,Medium
"scrum, FastAPI, server-side development, PostgreSQL, Node.js, JWT, Flask, MongoDB, presentation, Python, Python API, gRPC, SQL, fast api, REST API",Backend Developer,Medium
"Selenium WebDriver, scrum, Pytest, test automation, API testing, leadership, Selenium, Postman, chaos testing, performance testing",QA Automation Engineer,Medium
"microservices, Redux, React.js, Express, Docker, TypeScript, JavaScript, GraphQL, HTML, Next.js, ReactJS, React",Full Stack Developer,Medium
"GraphQL, WebSockets, Redux, Next.js, Docker, React, Node.js, CSS, JavaScript",Full Stack Developer,Medium
"automation, Git, Istio, Jenkins, Helm, documentation, Grafana, leadership, monitoring, K8s, Bash scripting, Kubernetes, Docker, container orchestration, CI/CD, AWS",DevOps Engineer,Hard
"service mesh, Git, pipeline, Terraform, CI/CD, FinOps, continuous deployment, communication, continuous integration, Grafana, Bash scripting",DevOps Engineer,Hard
"leadership, Kubernetes, Docker, Git, Terraform, Linux, Ansible, Jenkins, K8s, CI/CD, container orchestration",DevOps Engineer,Medium
"Spark, Apache Spark, PySpark, statistics, presentation, classification, hypothesis testing, pandas, A/B testing, seaborn, numpy",Data Scientist,Medium
"agile, automation, Grafana, monitoring, Python, CI/CD, Bash scripting, Terraform, Linux, Docker, Prometheus, communication",DevOps Engineer,Medium
"debugging, C++, UART, microcontrollers, Linux kernel, oscilloscope, bootloader development, Python",Embedded Systems Engineer,Medium
"SOC, compliance, incident response, Linux, presentation, threat detection, cryptography, vulnerability assessment",Cybersecurity Analyst,Easy
"security information and event management, cryptography, Linux, firewalls, network security, SOC, time management, teamwork, threat detection, SIEM, Python, compliance",Cybersecurity Analyst,Easy
"DAO governance, scrum, Solidity, Cosmos SDK, JavaScript, NFT, smart contracts, Truffle, Ethereum",Blockchain Developer,Medium
"cloud architecture, cost optimization, load balancing, VPC, Linux, S3, Lambda, AWS, Docker, IAM",Cloud Engineer,Medium
"seaborn, SQL, feature selection, clustering, classification, numpy, matplotlib, PostgreSQL, MySQL, database queries",Data Scientist,Easy
"GraphQL, TypeScript, React, Node.js, Next.js, Git",Full Stack Developer,Easy
"pen testing, SIEM, ethical hacking, threat detection, Python, firewalls, Wireshark, Jira, zero trust, threat intelligence, penetration testing, network security, SOC, vulnerability assessment",Cybersecurity Analyst,Medium
"scrum, Google Sheets, Tableau, reporting, SQL, Snowflake, Power BI",Data Analyst,Medium
"observability, runbooks, ELK stack, Linux, Terraform, time management",Site Reliability Engineer,Easy
"AWS, Grafana, Go, Linux, Kubernetes, SLO/SLA, runbooks",Site Reliability Engineer,Hard
"teamwork, time management, authentication, PostgreSQL, Django, REST API, Flask, Python, Docker, FastAPI",Backend Developer,Easy
"time management, forensics, network security, incident response, Linux, OWASP, Nmap, Python, firewalls, red teaming",Cybersecurity Analyst,Medium
"usability testing, teamwork, interaction design, information architecture, CSS, prototyping, design systems, user flows, user research",UI/UX Designer,Easy
"AWS, Prometheus, ELK, observability, SLO/SLA, presentation, incident management, chaos engineering, ELK stack, Elasticsearch Logstash Kibana, on-call",Site Reliability Engineer,Medium
"GCP, IAM, AWS, Amazon Web Services, EC2, Google Cloud, Lambda, presentation, Google Cloud Platform, multi-cloud, cloud security, Amazon cloud, networking",Cloud Engineer,Hard
"Python, Tableau, data visualization, dbt, Excel, pivot tables, dashboard design, ETL, reporting, SQL, KPI tracking, Snowflake",Data Analyst,Medium
"CDN, FinOps, networking, Azure, Docker, cost optimization, IAM, Lambda, EC2, AWS, GCP",Cloud Engineer,Hard
"GCP, Lambda, Azure, IAM, serverless, networking, Terraform, cloud architecture, Linux",Cloud Engineer,Medium
"data structures, code review, debugging, Confluence, Linux, documentation, algorithms, Git, system design, C++",Software Engineer,Easy
"Truffle, cryptography, IPFS, Web3.js, consensus algorithms, smart contracts, Go, Hardhat, documentation, Solidity",Blockchain Developer,Medium
"reporting, Power BI, Excel, data visualization, SQL, data cleaning, Google Sheets",Data Analyst,Easy
"ARM architecture, Linux kernel, DSP, C, firmware, C++, ARM Cortex, Python, FreeRTOS, GPIO, presentation, power optimization, ARM",Embedded Systems Engineer,Medium
"SSR, leadership, REST API, Git, Node.js, WebSockets, React, CI/CD, Express, TypeScript",Full Stack Developer,Hard
"teamwork, Flask, server-side development, Redis, agile, Python, REST API, FastAPI",Backend Developer,Easy
"RN, Flutter, offline-first, JavaScript, Git, mobile UI, Android, React Native, Redux, cross-platform mobile, Swift, Firebase",Mobile App Developer,Medium
"MongoDB, FastAPI, message queues, scrum, Git, gRPC, leadership, Django REST framework, Django, server-side development, PostgreSQL, REST API, SQL",Backend Developer,Medium
"communication, JUnit, test planning, Postman, Pact, CI/CD, test automation, Selenium, chaos testing, Jira",QA Automation Engineer,Hard
"Node.js, Django, database optimization, RabbitMQ, JWT, Python, time management, Git, REST API",Backend Developer,Hard
"message queues, Flask, Python, time management, PostgreSQL, Docker, microservices, Git, teamwork",Backend Developer,Medium
"incident management, Grafana, AWS, Prometheus, observability",Site Reliability Engineer,Medium
"IPFS, Web3.js, JavaScript, cross-chain bridges, smart contracts, smart contract language, teamwork, Solidity, Ethereum, DeFi",Blockchain Developer,Medium
"UART, Python, microcontrollers, GPIO, oscilloscope, AUTOSAR, RTOS",Embedded Systems Engineer,Medium
"React, Jira, React.js, ReactJS, Redux, Express, PostgreSQL, JavaScript, CSS, HTML, presentation, Docker",Full Stack Developer,Easy
"leadership, BDD, Jira, Playwright, Cypress, Pact, CI/CD, Python, test automation, chaos testing",QA Automation Engineer,Hard
"python, time series, feature selection, SQL, statistics, data wrangling, seaborn, regression, scikit-learn, numpy",Data Scientist,Medium
"I2C, UART, Jira, real-time operating system, debugging, RTOS, GPIO, C, firmware, Linux kernel, teamwork",Embedded Systems Engineer,Easy
"ELK, Linux, Elasticsearch Logstash Kibana, SLO/SLA, Confluence, runbooks, reliability targets, service level objectives, Kubernetes, ELK stack",Site Reliability Engineer,Medium
"presentation, SQL, server-side development, Django, time management, Node.js, Git, authentication, FastAPI, Go, REST API, MongoDB, JWT",Backend Developer,Medium
"documentation, observability, SLO/SLA, Kubernetes, on-call, Terraform, Grafana",Site Reliability Engineer,Medium
"AUTOSAR, firmware, ARM, Confluence, GPIO, communication, C++, oscilloscope, microcontrollers, Linux kernel, Python",Embedded Systems Engineer,Medium
"Linux, cryptography, presentation, documentation, Wireshark, firewalls, forensics, vulnerability assessment, threat detection",Cybersecurity Analyst,Medium
"load balancing, VPC, Linux, Terraform, Kubernetes, EC2, S3, cloud architecture",Cloud Engineer,Medium
"penetration testing, Wireshark, OWASP, threat detection, ethical hacking, SOC, threat intelligence, network security, vulnerability assessment, firewalls, red teaming, Linux, documentation, pen testing",Cybersecurity Analyst,Medium
"consensus algorithms, Go, agile, Rust, NFT, Jira, IPFS, Substrate, MEV, cryptography, cross-chain bridges, Ethereum, Solidity",Blockchain Developer,Hard
"data wrangling, statistics, classification, python, matplotlib, causal inference, seaborn, Jupyter, pandas, feature selection",Data Scientist,Medium
"time management, smart contracts, IPFS, tokenomics, cross-chain bridges, consensus algorithms, Web3.js, Ethereum, Go, Hardhat, Solidity",Blockchain Developer,Hard
"FastAPI, microservices, Python, PostgreSQL, communication, JWT, Go, Confluence, MongoDB, Git, Node.js, Docker",Backend Developer,Hard
"Sketch, prototyping, wireframing, A/B testing, service design, low-fidelity design, user research, user flows, Figma, design tokens, design systems, wireframes, usability testing, leadership",UI/UX Designer,Hard
"Web3.js, Solidity, DAO governance, smart contract language, Ethereum, IPFS, cryptography, Hardhat, smart contracts",Blockchain Developer,Medium
"Google Flutter, iOS, Flutter, Android, mobile UI, Redux, Git, Flutter/Dart",Mobile App Developer,Easy
"object oriented, OOP, performance profiling, Git, system design, debugging, unit testing, design patterns, Java, object-oriented programming, data structures, algorithms",Software Engineer,Medium
"CDN, Kubernetes, communication, Lambda, AWS, Azure, time management, cloud architecture, EC2, Terraform, Linux, IAM",Cloud Engineer,Medium
"debugging, Git, system design, data structures, communication, Java, SQL",Software Engineer,Easy
"on-call, ELK stack, Python, SLO/SLA, documentation, Git",Site Reliability Engineer,Easy
"CI/CD, Jenkins, Prometheus, Terraform, Ansible, presentation, AWS, service mesh, Grafana, scrum, Docker, Git, Linux",DevOps Engineer,Hard
"teamwork, reporting, Python, Excel, data cleaning, SQL, Confluence, business intelligence, data visualization",Data Analyst,Easy
"Dart, Flutter, mobile UI, REST API, native modules, JavaScript, Firebase, iOS, React Native, Git",Mobile App Developer,Medium
"Rust, cryptography, Web3, DeFi, Jira, smart contracts, Hardhat, NFT, Ethereum, Go, Web3.js, Solidity, web3",Blockchain Developer,Medium
"fast api, FastAPI, Redis, server-side development, Flask, REST API, Python, Kafka, Python API",Backend Developer,Medium
"communication, vulnerability assessment, incident response, Linux, exploit development, compliance, Python, network security, SOC, threat detection, OWASP, firewalls",Cybersecurity Analyst,Medium
"Prometheus, Confluence, Git, SRE practices, Grafana, pipeline, Ansible, Jira, CI/CD, continuous deployment, continuous integration, automation",DevOps Engineer,Medium
"Java, Git, OOP, debugging, system design, communication, unit testing",Software Engineer,Easy
"GitOps, automation, Terraform, Prometheus, AWS, Jenkins, Kubernetes, monitoring, Linux, Git, FinOps",DevOps Engineer,Hard
